維田,	6570
日期,成交股數,開盤價,最高價,最低價,收盤價,漲跌價差,成交筆數,成交金額
107/06/01,6000,28.30,28.70,28.20,28.70,0.00,5,170300
107/06/04,4000,28.50,28.70,28.50,28.70,0.00,3,114200
107/06/05,1000,28.50,28.50,28.50,28.50,-0.20,1,28500
107/06/06,1744,29.00,29.00,29.00,29.00,+0.50,2,50352
107/06/07,10000,28.50,28.55,28.50,28.55,-0.45,5,285400
107/06/08,6000,29.00,29.00,28.10,28.10,-0.45,5,170900
107/06/11,11000,28.90,28.90,28.10,28.10,0.00,8,313300
107/06/12,6000,28.20,28.90,28.10,28.10,0.00,6,170300
107/06/13,5000,28.20,28.40,28.20,28.40,+0.30,3,141200
107/06/14,4000,28.20,28.30,28.20,28.30,-0.10,4,113000
107/06/15,5000,28.20,28.70,28.20,28.70,+0.40,5,141500
107/06/19,0,---,---,---,---,---,0,0
107/06/20,4000,28.70,28.70,28.00,28.00,-0.70,3,112800
107/06/21,5000,28.00,28.00,28.00,28.00,0.00,5,140000
107/06/22,1000,29.00,29.00,29.00,29.00,+1.00,1,29000
107/06/25,6000,29.30,29.30,29.00,29.00,0.00,6,175500
107/06/26,46000,29.00,29.20,28.20,29.00,0.00,19,1334350
107/06/27,20000,29.00,29.05,29.00,29.00,0.00,11,580200
107/06/28,19000,29.00,29.00,29.00,29.00,0.00,8,551000
107/06/29,7000,28.90,29.00,28.90,29.00,0.00,6,202500
107/07/02,4060,28.80,28.80,28.50,28.70,-0.30,8,116535
107/07/03,1000,28.00,28.00,28.00,28.00,,1,28000
107/07/04,6000,28.30,28.30,28.00,28.00,0.00,6,169500
107/07/05,5000,28.00,28.00,28.00,28.00,0.00,1,140000
107/07/06,8000,28.00,28.10,28.00,28.10,+0.10,6,224600
107/07/09,0,---,---,---,---,---,0,0
107/07/10,3000,28.10,28.10,28.10,28.10,0.00,3,84300
107/07/11,0,---,---,---,---,---,0,0
107/07/12,4500,28.20,28.20,27.20,28.00,-0.10,5,125725
107/07/13,2000,28.00,28.00,28.00,28.00,0.00,2,56000
107/07/16,3000,27.90,27.90,27.90,27.90,-0.10,2,83700
107/07/17,16000,27.25,27.90,27.00,27.90,0.00,8,438100
107/07/18,13000,27.15,27.70,27.15,27.70,-0.20,5,356150
107/07/19,3000,27.25,27.60,27.25,27.60,-0.10,2,82450
107/07/20,16000,27.50,27.70,27.50,27.70,+0.10,7,441300
107/07/23,2000,28.00,28.00,27.35,27.35,-0.35,2,55350
107/07/24,16000,27.50,27.50,27.40,27.50,+0.15,7,439400
107/07/25,4000,27.50,27.70,27.50,27.70,+0.20,4,110200
107/07/26,18000,27.70,28.00,27.70,28.00,+0.30,7,503100
107/07/27,9001,27.90,28.00,27.15,28.00,0.00,6,247578
107/07/30,4000,27.50,27.50,27.50,27.50,-0.50,2,110000
107/07/31,11000,27.70,27.90,27.70,27.90,+0.40,6,306050
107/08/01,4000,27.20,27.50,27.20,27.50,-0.40,2,109100
107/08/02,1645,27.80,27.80,27.80,27.80,+0.30,2,45537
107/08/03,1000,28.00,28.00,28.00,28.00,+0.20,1,28000
107/08/06,5000,28.00,28.00,28.00,28.00,0.00,2,140000
107/08/07,9000,27.80,27.80,27.80,27.80,-0.20,5,250200
107/08/08,7000,27.80,27.80,27.80,27.80,0.00,5,194600
107/08/09,9100,27.60,27.80,27.60,27.80,0.00,6,252250
107/08/10,11000,27.60,27.80,27.60,27.80,0.00,4,305200
107/08/13,6000,27.20,27.70,27.20,27.30,-0.50,4,164800
107/08/14,11000,27.70,27.70,27.20,27.60,+0.30,9,301750
107/08/15,3000,27.60,27.60,27.60,27.60,0.00,2,82800
107/08/16,19000,27.00,27.50,27.00,27.50,-0.10,11,519300
107/08/17,27000,27.50,27.60,27.10,27.50,0.00,14,740200
107/08/20,5000,27.50,27.50,27.25,27.30,-0.20,5,136650
107/08/21,15000,27.25,27.50,27.25,27.50,+0.20,7,411400
107/08/22,3000,27.50,27.90,27.50,27.50,0.00,3,82900
107/08/23,7000,27.50,27.50,27.50,27.50,0.00,3,192500
107/08/24,3000,27.30,27.50,27.30,27.50,0.00,3,82100
107/08/27,26000,27.50,27.60,27.50,27.60,+0.10,8,715200
107/08/28,8000,27.65,27.65,27.10,27.50,-0.10,5,219500
107/08/29,20000,27.50,27.50,27.10,27.30,-0.20,13,543050
107/08/30,13000,27.20,27.40,27.20,27.30,0.00,7,354600
107/08/31,9000,27.50,27.50,27.30,27.30,0.00,3,246100
107/09/03,3000,27.30,27.30,27.10,27.10,-0.20,3,81600
107/09/04,0,---,---,---,---,---,0,0
107/09/05,28000,26.30,27.40,26.30,27.30,+0.20,15,754200
107/09/06,6000,27.50,27.50,27.00,27.00,-0.30,5,163250
107/09/07,4000,27.20,27.40,26.30,27.40,+0.40,3,108100
107/09/10,2000,26.50,27.10,26.50,27.10,-0.30,2,53600
107/09/11,5000,26.50,26.50,26.50,26.50,-0.60,1,132500
107/09/12,17000,27.10,27.20,27.10,27.20,+0.70,5,462200
107/09/13,7000,27.30,27.30,26.40,27.30,+0.10,5,186900
107/09/14,11000,27.00,27.10,26.50,27.10,-0.20,10,294100
107/09/17,5000,27.10,27.10,27.10,27.10,0.00,3,135500
107/09/18,13000,27.10,27.10,26.40,27.10,0.00,10,347800
107/09/19,2000,27.20,27.20,27.20,27.20,+0.10,1,54400
107/09/20,11000,27.20,27.20,27.00,27.10,-0.10,7,297600
107/09/21,1000,27.10,27.10,27.10,27.10,0.00,1,27100
107/09/25,12000,26.70,27.00,26.70,27.00,-0.10,4,322500
107/09/26,1000,27.00,27.00,27.00,27.00,0.00,1,27000
107/09/27,6000,26.70,27.00,26.50,27.00,0.00,6,160000
107/09/28,1600,27.00,27.00,27.00,27.00,0.00,2,43020
107/10/01,2000,26.10,27.10,26.10,27.10,+0.10,2,53200
107/10/02,1000,27.00,27.00,27.00,27.00,-0.10,1,27000
107/10/03,3000,26.50,27.00,26.50,27.00,0.00,3,80050
107/10/04,5000,27.30,27.30,26.20,26.90,-0.10,5,133600
107/10/05,1000,27.00,27.00,27.00,27.00,+0.10,1,27000
107/10/08,1000,27.00,27.00,27.00,27.00,0.00,1,27000
107/10/09,2000,26.90,26.90,26.90,26.90,-0.10,1,53800
107/10/11,12000,25.00,26.10,24.30,26.00,-0.90,11,299300
107/10/12,5000,25.45,26.90,25.45,26.90,+0.90,4,130700
107/10/15,1000,26.80,26.80,26.80,26.80,-0.10,1,26800
107/10/16,1000,26.70,26.70,26.70,26.70,-0.10,1,26700
107/10/17,1000,26.70,26.70,26.70,26.70,0.00,1,26700
107/10/18,2000,26.50,26.50,26.50,26.50,-0.20,2,53000
107/10/19,0,---,---,---,---,---,0,0
107/10/22,1000,26.45,26.45,26.45,26.45,0.00,1,26450
107/10/23,6000,25.15,26.40,25.10,26.40,-0.05,3,152000
107/10/24,17000,24.80,26.20,24.70,26.20,-0.20,12,423350
107/10/25,20000,23.60,25.45,23.60,23.70,-2.50,17,477700
107/10/26,3000,24.50,24.50,23.95,24.50,+0.80,3,72950
107/10/29,6000,24.45,24.50,24.45,24.50,0.00,4,146950
107/10/30,3000,24.00,24.25,24.00,24.25,-0.25,2,72500
107/10/31,2000,26.50,26.50,25.85,25.85,+1.60,2,52350
107/11/01,4000,25.05,25.05,24.95,24.95,-0.90,3,100100
107/11/02,1000,26.50,26.50,26.50,26.50,+1.55,1,26500
107/11/08,3000,25.85,25.85,25.85,25.85,0.00,2,77550
107/11/09,0,---,---,---,---,---,0,0
107/11/12,13000,26.00,26.10,25.00,26.10,+0.25,7,327950
107/11/16,0,---,---,---,---,---,0,0
107/11/19,1000,25.95,25.95,25.95,25.95,-0.10,1,25950
107/11/20,4000,25.95,25.95,25.60,25.60,-0.35,4,103450
107/11/21,6000,25.80,25.95,25.60,25.95,+0.35,6,154600
107/11/22,12000,25.90,27.00,25.90,27.00,+1.05,9,313500
107/11/23,2000,26.00,26.00,26.00,26.00,-1.00,2,52000
107/11/26,0,---,---,---,---,---,0,0
107/11/27,0,---,---,---,---,---,0,0
107/11/28,0,---,---,---,---,---,0,0
107/11/29,2000,25.95,26.00,25.95,26.00,0.00,2,51950
107/11/30,0,---,---,---,---,---,0,0
107/12/03,6000,25.85,27.00,25.85,26.20,+0.20,4,157100
107/12/04,0,---,---,---,---,---,0,0
107/12/05,3000,26.60,26.60,25.70,25.70,-0.50,3,78100
107/12/06,2000,26.00,26.00,26.00,26.00,+0.30,1,52000
107/12/07,2000,26.00,26.00,26.00,26.00,0.00,1,52000
107/12/10,20400,26.00,28.00,26.00,26.50,+0.50,17,543080
107/12/11,3000,26.50,27.00,26.50,27.00,+0.50,3,80500
107/12/12,0,---,---,---,---,---,0,0
107/12/13,3000,25.60,26.95,25.60,26.95,0.00,3,78700
107/12/14,4000,26.80,26.90,26.80,26.90,-0.05,4,107450
107/12/17,6000,27.00,27.50,26.55,26.55,-0.35,5,161600
107/12/18,11000,26.05,26.80,25.85,26.80,+0.25,8,287300
107/12/19,12000,27.00,27.15,27.00,27.00,+0.20,11,324250
107/12/20,3000,26.55,26.55,26.55,26.55,-0.45,2,79650
107/12/21,7000,26.05,26.95,26.05,26.95,+0.40,5,184000
107/12/22,17000,26.15,27.50,26.15,27.50,+0.55,7,446300
107/12/24,7000,27.70,27.70,27.45,27.45,-0.05,5,192950
107/12/25,9000,27.40,27.40,26.80,27.40,-0.05,5,245600
107/12/26,6000,26.15,26.95,26.15,26.95,-0.45,2,157700
107/12/27,3000,27.00,27.10,27.00,27.00,+0.05,3,81100
107/12/28,4000,28.00,28.00,27.00,27.00,0.00,3,109000
108/01/02,0,---,---,---,---,---,0,0
108/01/03,25000,27.20,27.30,27.00,27.00,0.00,11,678700
108/01/04,0,---,---,---,---,---,0,0
108/01/07,11000,27.50,27.50,27.40,27.40,+0.40,10,301850
108/01/08,5000,27.40,27.40,27.35,27.40,0.00,3,136950
108/01/09,3000,27.40,27.40,27.35,27.35,-0.05,3,82150
108/01/10,62000,27.60,27.95,27.60,27.80,+0.45,36,1717700
108/01/11,10000,27.80,27.80,27.50,27.80,0.00,9,277300
108/01/14,8000,27.85,27.85,27.80,27.85,+0.05,7,222700
108/01/15,8000,27.50,28.50,27.50,28.50,+0.65,7,224900
108/01/16,10000,28.30,28.30,28.00,28.00,-0.50,5,281500
108/01/17,5000,27.80,28.10,27.80,28.10,+0.10,4,139300
108/01/18,5000,27.85,27.85,27.65,27.65,-0.45,4,139000
108/01/21,13000,28.10,28.10,27.80,28.10,+0.45,10,362700
108/01/22,11000,28.10,28.10,27.70,27.90,-0.20,7,305900
108/01/23,3000,28.00,28.00,27.90,27.90,0.00,2,83900
108/01/28,14000,28.00,28.00,27.90,28.00,0.00,11,391800
108/01/29,15000,27.80,28.20,27.80,28.00,0.00,14,418950
108/01/30,11000,27.85,27.85,27.05,27.80,-0.20,7,302150
108/02/11,6000,28.00,28.00,27.90,27.90,+0.10,5,167750
108/02/12,18000,27.95,28.05,27.95,28.05,+0.15,9,504500
108/02/13,11000,28.05,28.10,28.00,28.00,-0.05,8,308400
108/02/14,26000,28.00,28.00,27.95,28.00,0.00,11,727450
108/02/15,67000,28.00,28.80,28.00,28.80,+0.80,41,1909900
108/02/18,21000,28.80,29.00,28.60,29.00,+0.20,16,605450
108/02/19,38000,29.00,29.50,29.00,29.10,+0.10,21,1113650
108/02/20,26000,29.10,29.10,28.85,29.10,0.00,14,755350
108/02/21,11000,28.80,29.30,28.80,29.30,+0.20,10,320300
108/02/22,48000,29.30,29.55,29.30,29.50,+0.20,27,1414750
108/02/25,35000,29.50,29.50,29.00,29.50,0.00,30,1023500
108/02/26,32000,29.40,29.55,29.10,29.55,+0.05,17,940200
108/02/27,70098,29.55,30.10,29.55,30.00,+0.45,38,2095610
108/03/04,108000,29.85,30.20,29.60,30.20,+0.20,38,3232000
108/03/05,78000,30.00,31.30,30.00,30.80,+0.60,50,2381900
108/03/06,64070,30.70,31.95,30.70,31.50,+0.70,32,2009829
108/03/07,77000,31.50,31.50,30.80,31.10,-0.40,30,2391200
108/03/08,22000,30.90,31.05,30.90,31.00,-0.10,13,681200
108/03/11,34000,30.95,31.40,30.95,31.25,+0.25,15,1056350
108/03/12,50000,31.25,32.85,31.10,31.25,0.00,31,1583550
108/03/13,116000,31.70,32.20,31.60,31.90,+0.65,52,3684450
108/03/14,79000,32.00,32.80,31.80,32.30,+0.40,35,2543050
108/03/15,60000,32.30,32.95,32.20,32.60,+0.30,28,1948600
108/03/18,204000,33.00,34.50,32.80,34.50,+1.90,80,6863050
108/03/19,231000,34.70,36.50,34.70,36.50,+2.00,129,8308900
108/03/20,236250,37.00,38.50,37.00,38.40,+1.90,136,8926774
108/03/21,174000,39.00,39.80,38.40,38.85,+0.45,107,6789900
108/03/22,90000,38.70,39.20,37.15,39.05,+0.20,66,3436250
108/03/25,33025,37.65,38.90,37.65,38.70,-0.35,24,1264917
108/03/26,58000,38.70,39.20,38.35,38.35,-0.35,28,2258850
108/03/27,32000,38.50,38.90,38.35,38.50,+0.15,16,1231300
108/03/28,21000,38.50,39.00,37.50,39.00,+0.50,19,802050
108/03/29,17000,39.00,39.20,39.00,39.20,+0.20,13,663200
108/04/01,15000,39.50,39.50,39.00,39.10,-0.10,8,586600
108/04/02,66010,39.00,39.30,38.95,39.30,+0.20,35,2580339
108/04/03,14250,39.30,39.30,39.00,39.00,-0.30,13,557199
108/04/08,55158,39.00,39.80,39.00,39.80,+0.80,38,2175338
108/04/09,30000,39.80,40.00,38.85,39.75,-0.05,22,1189150
108/04/10,46000,39.65,39.75,39.05,39.70,-0.05,18,1804300
108/04/11,175102,39.80,41.50,39.80,41.00,+1.30,91,7104384
108/04/12,24000,41.05,41.05,40.50,40.70,-0.30,22,980850
108/04/15,55250,41.50,41.50,40.40,41.00,+0.30,39,2263549
108/04/16,30151,41.00,41.00,39.70,40.50,-0.50,26,1209955
108/04/17,24000,40.00,40.30,39.80,40.30,-0.20,20,959650
108/04/18,11000,39.90,40.35,39.90,40.05,-0.25,11,440700
108/04/19,19025,39.70,40.05,39.60,40.05,0.00,14,754690
108/04/22,7065,37.95,40.05,37.95,40.05,0.00,7,273974
108/04/23,13000,39.15,39.80,39.00,39.80,-0.25,10,510100
108/04/24,5030,38.80,39.60,38.75,39.60,-0.20,6,196679
108/04/25,0,---,---,---,---,---,0,0
108/04/26,1000,39.75,39.75,39.75,39.75,+0.30,1,39750
108/04/29,13000,39.30,40.20,39.25,39.25,-0.50,12,515950
108/04/30,17102,39.00,39.50,38.95,38.95,-0.30,17,669287
108/05/02,20130,38.95,38.95,38.15,38.80,-0.15,19,776905
108/05/03,14065,38.85,39.20,38.70,39.00,+0.20,14,546715
108/05/06,13000,39.00,39.20,39.00,39.20,+0.20,12,507600
108/05/07,2035,39.20,39.50,39.20,39.50,+0.30,3,80082
108/05/08,11000,38.90,39.35,38.90,39.35,-0.15,8,429000
108/05/09,7000,39.50,39.50,38.65,39.00,-0.35,7,272500
108/05/10,55000,40.60,40.95,38.80,40.00,+1.00,38,2221650
108/05/13,13055,40.00,40.50,39.00,39.20,-0.80,12,516189
108/05/14,9065,39.20,40.20,39.20,40.20,+1.00,8,360063
108/05/15,381080,40.50,44.20,40.50,44.20,+4.00,199,16358512
108/05/16,178035,45.95,45.95,43.80,43.85,-0.35,142,7995372
108/05/17,121400,43.10,43.30,41.70,42.00,-1.85,80,5147087
108/05/20,84390,42.00,42.00,40.60,41.90,-0.10,60,3465985
108/05/21,62010,41.90,42.55,41.85,42.45,+0.55,36,2619978
108/05/22,43010,42.45,43.95,42.45,43.50,+1.05,37,1845639
108/05/23,35010,43.00,43.00,42.70,42.80,-0.70,19,1498682
108/05/24,27010,42.80,43.00,42.50,43.00,+0.20,22,1157484
108/05/27,34010,43.00,43.20,42.50,43.20,+0.20,24,1453836
108/05/28,37010,43.40,43.80,42.95,43.80,+0.60,25,1609142
108/05/29,19010,43.65,43.70,43.00,43.65,-0.15,18,823990
108/05/30,20090,43.05,43.65,42.70,43.65,0.00,15,872364
108/05/31,27010,43.65,43.85,43.15,43.65,0.00,17,1175940
108/06/03,2010,43.65,43.70,43.65,43.70,+0.05,3,87791
108/06/04,13340,43.70,43.70,43.00,43.30,-0.40,15,577458
108/06/05,25409,43.35,43.50,42.80,42.80,-0.50,20,1098891
108/06/06,7010,43.20,43.30,42.90,43.30,+0.50,7,302533
108/06/10,50040,45.20,45.30,43.75,44.25,+0.95,44,2234619
108/06/11,30010,44.25,44.40,43.55,44.00,-0.25,22,1321690
108/06/12,19010,43.30,43.85,43.20,43.85,-0.15,20,823938
108/06/13,25010,44.00,44.00,43.00,43.80,-0.05,20,1084438
108/06/14,57010,43.10,43.50,42.80,43.50,-0.30,45,2451985
108/06/17,17235,43.50,43.50,42.90,43.50,0.00,16,742593
108/06/18,5000,43.50,43.50,43.35,43.35,-0.15,4,217100
108/06/19,12060,43.35,43.35,43.00,43.35,0.00,11,520432
108/06/20,18010,43.35,43.35,42.80,43.20,-0.15,14,773982
108/06/21,24000,42.90,43.10,42.90,42.95,-0.25,20,1031500
108/06/24,40040,43.00,43.30,42.80,43.20,+0.25,31,1722228
108/06/25,85010,43.00,43.10,42.80,43.10,-0.10,28,3643035
108/06/26,196050,42.80,43.00,42.50,42.70,-0.40,63,8358970
108/06/27,67010,42.20,42.30,41.60,42.00,-0.70,41,2813870
108/06/28,20060,42.20,42.20,41.65,41.65,-0.35,14,838931
108/07/01,31000,41.00,41.00,40.50,40.50,,23,1266500
108/07/02,53000,40.50,40.80,40.40,40.80,+0.30,17,2149400
108/07/03,195100,41.00,41.70,40.95,41.70,+0.90,57,8072830
108/07/04,195010,42.10,42.30,42.00,42.10,+0.40,47,8192225
108/07/05,127010,42.10,42.10,40.70,41.90,-0.20,74,5232822
108/07/08,53010,41.80,41.90,41.70,41.90,0.00,25,2216823
108/07/09,44000,42.30,42.30,41.60,41.90,0.00,17,1840100
108/07/10,58010,40.85,41.50,40.50,41.50,-0.40,37,2382719
108/07/11,63000,41.50,41.50,40.85,41.20,-0.30,28,2597800
108/07/12,69000,40.50,41.20,40.50,41.20,0.00,25,2820500
108/07/15,5010,42.60,42.60,42.10,42.10,+0.90,5,212025
108/07/16,5000,41.30,41.85,41.20,41.85,-0.25,4,206850
108/07/17,113000,41.30,41.30,40.80,40.80,-1.05,13,4633200
108/07/18,18000,42.00,42.00,40.65,40.65,-0.15,16,734400
108/07/19,25000,40.80,40.80,40.60,40.60,-0.05,22,1016250
108/07/22,31000,40.50,40.95,40.30,40.95,+0.35,14,1252750
108/07/23,51100,41.40,41.50,40.50,40.60,-0.35,14,2073760
108/07/24,36000,40.60,40.60,40.00,40.50,-0.10,18,1444600
108/07/25,15010,40.10,40.95,40.10,40.95,+0.45,6,608763
108/07/26,5000,40.60,40.60,40.60,40.60,-0.35,2,203000
108/07/29,46010,40.50,41.35,40.00,41.20,+0.60,17,1858012
108/07/30,19000,40.60,41.10,40.50,40.50,-0.70,7,772250
108/07/31,27000,40.50,40.95,40.50,40.85,+0.35,9,1098100
108/08/01,8210,41.00,41.45,41.00,41.45,+0.60,9,338054
108/08/02,17208,40.50,40.95,40.40,40.95,-0.50,14,700036
108/08/05,3000,40.05,40.85,40.05,40.80,-0.15,3,121700
108/08/06,10000,40.50,40.80,40.20,40.80,0.00,8,402950
108/08/07,20000,40.50,40.75,40.15,40.75,-0.05,11,809950
108/08/08,2000,40.80,40.85,40.80,40.85,+0.10,2,81650
108/08/12,86010,38.70,39.95,38.70,39.85,-1.00,51,3373196
108/08/13,21000,39.50,39.50,38.50,39.30,-0.55,20,820900
108/08/14,56000,39.00,39.85,39.00,39.60,+0.30,28,2192300
108/08/15,1000,39.35,39.35,39.35,39.35,-0.25,1,39350
108/08/16,16000,38.50,39.35,38.50,39.30,-0.05,9,625050
108/08/19,90225,39.30,39.30,38.00,38.60,-0.70,65,3450867
108/08/20,37158,38.30,38.30,37.80,38.20,-0.40,29,1413285
108/08/21,17000,38.25,38.25,37.80,38.20,0.00,15,644350
108/08/22,10147,38.05,38.70,38.05,38.70,+0.50,9,391653
108/08/23,12000,38.20,39.40,37.80,39.00,+0.30,10,462800
108/08/26,6000,38.50,38.80,38.50,38.80,-0.20,5,231700
108/08/27,4000,38.70,38.85,38.70,38.75,-0.05,4,155100
108/08/28,6000,39.00,39.20,39.00,39.20,+0.45,5,234900
108/08/29,38000,39.50,39.80,39.30,39.30,+0.10,21,1500400
108/08/30,23000,39.50,40.00,39.30,40.00,+0.70,15,907900
108/09/02,18000,40.10,40.30,40.10,40.25,+0.25,14,722550
108/09/03,27010,40.25,40.90,40.25,40.90,+0.65,19,1096963
108/09/04,43000,41.00,41.20,40.00,40.00,-0.90,16,1734300
108/09/05,10000,40.00,40.15,40.00,40.15,+0.15,6,401150
108/09/06,14000,40.20,40.90,39.80,40.40,+0.25,11,564500
108/09/09,16010,39.90,40.30,39.80,40.30,-0.10,16,638657
108/09/10,38000,40.50,40.90,40.00,40.10,-0.20,29,1534700
108/09/11,33000,40.10,40.20,40.00,40.00,-0.10,20,1322100
108/09/12,19050,40.00,40.30,40.00,40.30,+0.30,12,762335
108/09/16,3000,40.00,40.00,40.00,40.00,-0.30,3,120000
108/09/17,30000,40.00,40.10,40.00,40.00,0.00,10,1200100
108/09/18,30000,39.60,40.00,39.50,39.95,-0.05,18,1189300
108/09/19,1000,40.30,40.30,40.30,40.30,+0.35,1,40300
108/09/20,9512,40.30,40.30,39.55,39.55,-0.75,11,380902
108/09/23,333966,40.95,43.00,40.50,41.30,+1.75,108,13676809
108/09/24,29000,41.90,41.90,41.30,41.30,0.00,20,1204850
108/09/25,20000,41.30,41.30,41.20,41.30,0.00,11,825400
108/09/26,121000,41.90,41.90,41.25,41.35,+0.05,36,5001250
108/09/27,30000,41.35,41.75,41.00,41.00,-0.35,13,1239900
108/10/01,17000,41.00,41.00,41.00,41.00,0.00,14,697000
108/10/02,31000,41.00,41.10,41.00,41.00,0.00,12,1272000
108/10/03,54000,41.05,41.20,40.90,41.20,+0.20,40,2220000
108/10/04,109000,42.95,42.95,41.50,41.50,+0.30,50,4539700
108/10/07,46000,41.50,41.70,41.50,41.70,+0.20,18,1910400
108/10/08,6000,41.50,41.50,41.50,41.50,-0.20,3,249000
108/10/09,31000,41.75,41.80,41.40,41.50,0.00,26,1288500
108/10/14,74000,42.10,42.10,41.40,41.45,-0.05,22,3096550
108/10/15,22000,41.20,41.55,40.15,41.15,-0.30,16,906050
108/10/16,21000,41.35,41.40,41.05,41.05,-0.10,7,866650
108/10/17,19000,41.10,41.10,40.60,40.95,-0.10,13,778150
108/10/18,4000,41.00,41.00,40.30,40.75,-0.20,4,162550
108/10/21,16000,40.90,40.90,40.35,40.75,0.00,13,649750
108/10/22,37000,40.40,40.40,39.85,40.10,-0.65,31,1483800
108/10/23,17000,39.95,40.40,39.70,39.90,-0.20,10,679550
108/10/24,357000,40.00,43.85,39.20,43.20,+3.30,195,15122950
108/10/25,536010,43.90,44.70,42.00,44.10,+0.90,364,23435991
108/10/28,206000,44.10,44.30,41.80,42.60,-1.50,168,8816600
108/10/29,94000,42.65,42.65,41.40,42.30,-0.30,74,3921100
108/10/30,42000,42.00,42.00,41.50,41.50,-0.80,22,1750200
108/10/31,32000,41.00,41.80,41.00,41.80,+0.30,26,1317800
108/11/01,16000,41.80,42.30,41.50,41.50,-0.30,15,670850
108/11/04,60040,41.40,41.50,41.05,41.05,-0.45,43,2475144
108/11/05,74000,41.45,41.55,40.55,40.70,-0.35,57,3017400
108/11/06,41000,40.70,40.70,40.40,40.40,-0.30,33,1662200
108/11/07,47000,40.00,40.40,39.95,39.95,-0.45,38,1882350
108/11/08,63000,39.95,41.20,39.90,41.20,+1.25,32,2528800
108/11/11,35000,41.20,41.20,39.90,40.00,-1.20,23,1401700
108/11/12,26000,40.05,40.10,39.95,40.00,0.00,23,1040050
108/11/13,27000,39.95,39.95,39.50,39.75,-0.25,27,1067850
108/11/14,11000,39.50,39.75,39.20,39.20,-0.55,11,432850
108/11/15,19000,39.20,39.30,39.20,39.20,0.00,12,745400
108/11/18,26000,39.00,39.70,39.00,39.70,+0.50,20,1016450
108/11/19,11180,39.10,39.70,39.10,39.20,-0.50,11,440219
108/11/20,19000,39.30,39.30,39.20,39.20,0.00,14,745250
108/11/21,18000,39.20,40.35,39.20,40.35,+1.15,11,713950
108/11/22,22000,40.30,40.30,39.20,40.10,-0.25,19,865200
108/11/25,5000,39.60,39.60,39.45,39.45,-0.65,5,197600
108/11/26,43000,39.20,39.65,38.95,39.00,-0.45,35,1681350
108/11/27,15000,39.50,39.50,39.00,39.00,0.00,12,585950
108/11/28,8000,39.00,39.50,39.00,39.10,+0.10,8,312700
108/11/29,9000,39.10,39.10,38.95,38.95,-0.15,9,351100
108/12/02,16000,39.00,39.00,38.95,39.00,+0.05,13,623500
108/12/03,4000,39.35,39.35,39.30,39.30,+0.30,3,157250
108/12/04,1000,39.55,39.55,39.55,39.55,+0.25,1,39550
108/12/05,7000,39.20,39.20,39.05,39.10,-0.45,7,273750
108/12/06,17000,39.15,39.15,39.00,39.00,-0.10,15,664400
108/12/09,6000,38.90,39.50,38.90,39.50,+0.50,5,234950
108/12/10,4180,39.60,39.60,39.50,39.50,0.00,5,165373
108/12/11,5000,39.00,39.45,39.00,39.45,-0.05,3,195900
108/12/12,6000,39.60,39.60,39.05,39.05,-0.40,6,235650
108/12/13,6000,39.05,39.05,38.90,38.95,-0.10,5,233700
108/12/16,9000,39.05,39.50,39.00,39.45,+0.50,7,352000
108/12/17,3000,39.35,39.35,39.30,39.30,-0.15,2,117950
108/12/18,6000,38.95,39.25,38.95,39.25,-0.05,5,234150
108/12/19,4000,39.30,39.30,39.00,39.20,-0.05,3,156700
108/12/20,9000,39.25,39.25,38.15,39.00,-0.20,9,347200
108/12/23,20000,38.60,38.85,38.60,38.60,-0.40,18,772800
108/12/24,9000,38.90,38.90,38.50,38.70,+0.10,9,347450
108/12/25,12000,38.80,38.80,38.55,38.55,-0.15,11,463450
108/12/26,14190,38.55,38.65,38.55,38.65,+0.10,14,547310
108/12/27,3000,39.00,39.00,39.00,39.00,+0.35,3,117000
108/12/30,4000,39.00,39.00,39.00,39.00,0.00,3,156000
108/12/31,13000,38.45,38.75,38.45,38.75,-0.25,12,503000
109/01/02,30000,38.85,38.90,38.70,38.70,-0.05,22,1162800
109/01/03,12000,38.85,38.85,38.50,38.50,-0.20,11,462650
109/01/06,9000,38.50,39.00,38.50,38.60,+0.10,6,347400
109/01/07,4000,38.60,38.95,38.50,38.95,+0.35,4,154650
109/01/08,13000,38.10,38.65,38.10,38.20,-0.75,10,497600
109/01/09,4100,38.20,39.50,38.20,39.30,+1.10,5,160190
109/01/10,3000,38.30,39.10,38.30,39.10,-0.20,3,115700
109/01/13,8000,38.55,38.90,38.50,38.90,-0.20,8,309400
109/01/14,5000,38.75,38.80,38.35,38.80,-0.10,5,193350
109/01/15,8000,38.30,38.75,38.30,38.75,-0.05,7,306850
109/01/16,9154,38.00,38.50,38.00,38.20,-0.55,10,350286
109/01/17,5000,38.70,38.70,38.20,38.20,0.00,5,191650
109/01/20,11000,38.00,38.40,37.80,38.40,+0.20,9,417400
109/01/30,27000,35.05,37.60,35.05,35.85,-2.55,21,959550
109/01/31,27550,36.15,36.20,35.05,36.15,+0.30,26,981040
109/02/03,18000,35.10,35.35,34.20,35.30,-0.85,16,629150
109/02/04,3000,35.25,36.00,35.25,36.00,+0.70,3,106550
109/02/05,1000,36.00,36.00,36.00,36.00,0.00,1,36000
109/02/06,4000,37.60,37.60,36.15,37.40,+1.40,4,148750
109/02/07,1500,37.40,37.40,37.40,37.40,0.00,2,55900
109/02/10,2500,37.80,37.80,37.30,37.30,-0.10,3,93550
109/02/11,4000,36.15,37.00,36.15,37.00,-0.30,3,147150
109/02/12,1000,37.45,37.45,37.45,37.45,+0.45,1,37450
109/02/13,1000,36.95,36.95,36.95,36.95,-0.50,1,36950
109/02/14,1000,36.55,36.55,36.55,36.55,-0.40,1,36550
109/02/17,4000,36.60,36.60,36.30,36.30,-0.25,4,146100
109/02/18,11000,35.05,36.30,35.05,36.30,0.00,8,396850
109/02/19,22000,36.45,36.45,35.35,36.10,-0.20,19,784150
109/02/20,1015,36.05,36.05,36.05,36.05,-0.05,2,36596
109/02/21,12000,36.00,36.00,35.50,36.00,-0.05,9,428250
109/02/24,6000,35.10,35.90,35.10,35.80,-0.20,6,212950
109/02/25,12000,35.75,35.80,35.30,35.80,0.00,11,428800
109/02/26,26390,34.20,35.00,34.20,34.90,-0.90,16,909494
109/02/27,18000,38.00,38.00,35.35,36.75,+1.85,15,659550
109/03/02,4000,36.70,36.70,36.50,36.50,-0.25,3,146500
109/03/03,1000,36.50,36.50,36.50,36.50,0.00,1,36500
109/03/04,2000,36.00,36.00,36.00,36.00,-0.50,1,72000
109/03/05,3000,36.00,36.20,36.00,36.20,+0.20,3,108400
109/03/06,11000,35.25,36.00,35.25,36.00,-0.20,7,388900
109/03/09,6000,35.95,35.95,35.75,35.75,-0.25,6,215050
109/03/10,33150,35.50,35.50,34.00,34.65,-1.10,29,1153492
109/03/11,31000,34.80,35.90,34.80,35.00,+0.35,14,1086400
109/03/12,59050,34.20,34.90,33.00,33.30,-1.70,38,1988580
109/03/13,27000,33.20,33.20,30.20,30.75,-2.55,22,830250
109/03/16,11000,30.60,31.60,30.60,31.60,+0.85,11,340100
109/03/17,9000,31.00,31.60,31.00,31.10,-0.50,9,281100
109/03/18,13000,31.50,31.60,30.70,31.30,+0.20,9,405600
109/03/19,86000,30.80,30.80,28.20,29.30,-2.00,55,2451550
109/03/20,18000,29.30,30.30,29.30,30.30,+1.00,8,531000
109/03/23,6050,28.30,29.00,28.00,29.00,-1.30,7,171362
109/03/24,6000,29.00,29.80,29.00,29.80,+0.80,5,177500
109/03/25,13000,31.50,31.80,28.15,30.05,+0.25,13,392700
109/03/26,23000,30.05,31.50,28.80,31.50,+1.45,21,701600
109/03/27,29018,32.95,32.95,31.90,31.90,+0.40,27,935294
109/03/30,15000,31.50,31.80,30.60,31.80,-0.10,14,467450
109/03/31,28000,31.90,32.00,31.40,32.00,+0.20,17,888650
109/04/01,6000,31.60,32.10,31.60,32.10,+0.10,4,191000
109/04/06,14000,32.10,32.50,32.05,32.15,+0.05,12,451750
109/04/07,15000,32.35,32.60,32.35,32.40,+0.25,14,487000
109/04/08,16000,32.50,33.50,32.50,33.50,+1.10,9,530450
109/04/09,27000,34.00,34.00,33.50,33.50,0.00,17,905800
109/04/10,5000,33.50,33.80,32.80,33.80,+0.30,5,166450
109/04/13,3000,34.00,34.00,33.80,33.80,0.00,3,101800
109/04/14,12000,33.80,34.30,33.80,34.30,+0.50,11,407900
109/04/15,15000,34.40,34.70,34.00,34.00,-0.30,13,515800
109/04/16,9000,34.00,34.05,34.00,34.00,0.00,5,306050
109/04/17,20000,34.30,34.30,34.00,34.00,0.00,16,683600
109/04/20,29000,34.20,34.50,34.20,34.50,+0.50,13,997000
109/04/21,32000,34.50,35.00,34.50,34.50,0.00,11,1109150
109/04/22,52000,34.50,35.50,34.50,35.50,+1.00,23,1827500
109/04/23,94100,35.75,38.50,35.75,38.25,+2.75,65,3516640
109/04/24,17000,37.30,38.25,37.30,38.00,-0.25,16,645300
109/04/27,43010,38.40,39.05,38.10,39.05,+1.05,32,1666644
109/04/28,54070,39.50,39.50,39.05,39.45,+0.40,36,2130770
109/04/29,27000,39.50,39.80,39.20,39.60,+0.15,21,1067800
109/04/30,26000,39.45,39.45,39.00,39.40,-0.20,20,1022600
109/05/04,34000,39.40,39.40,38.60,39.00,-0.40,19,1325800
109/05/05,7000,39.00,39.20,39.00,39.00,0.00,7,273200
109/05/06,65000,39.15,40.30,39.15,40.30,+1.30,42,2579600
109/05/07,13000,39.70,39.70,39.05,39.70,-0.60,8,514200
109/05/08,16000,39.70,40.00,39.25,39.25,-0.45,12,633550
109/05/11,33030,38.75,39.05,38.00,38.50,-0.75,25,1270193
109/05/12,29000,38.50,39.00,38.50,39.00,+0.50,24,1121400
109/05/13,8000,39.00,39.00,39.00,39.00,0.00,8,312000
109/05/14,5030,38.35,38.85,38.35,38.85,-0.15,6,193637
109/05/15,38000,39.00,39.00,38.00,38.25,-0.60,26,1451850
109/05/18,18000,38.25,38.25,37.60,38.00,-0.25,15,686350
109/05/19,3000,38.00,38.00,37.50,37.50,-0.50,3,113300
109/05/20,27088,37.50,37.50,37.00,37.00,-0.50,22,1003523
109/05/21,36000,37.00,37.00,36.00,36.95,-0.05,24,1310450
109/05/22,13000,37.00,37.00,37.00,37.00,+0.05,6,481000
109/05/25,11000,37.00,37.65,37.00,37.65,+0.65,9,409200
109/05/26,16000,37.65,37.65,36.80,37.50,-0.15,11,593900
109/05/27,20000,37.50,37.50,36.00,36.55,-0.95,17,733150
109/05/28,8000,37.50,38.30,37.00,37.00,+0.45,8,298000
109/05/29,22000,37.75,37.75,36.90,36.90,-0.10,17,818600
109/06/01,6000,37.00,37.10,37.00,37.10,+0.20,5,222200
109/06/02,13018,38.00,38.00,37.30,37.30,+0.20,12,491084
109/06/03,7000,37.50,37.70,37.50,37.70,+0.40,6,262700
109/06/04,7030,37.60,37.75,37.55,37.75,+0.05,8,264524
109/06/05,11000,37.55,37.80,37.55,37.80,+0.05,10,415050
109/06/08,15000,37.85,38.90,37.85,38.85,+1.05,12,573250
109/06/09,29050,39.05,39.15,37.20,38.50,-0.35,28,1116675
109/06/10,14000,37.90,38.15,37.90,38.15,-0.35,11,532350
109/06/11,14000,38.50,38.50,38.00,38.20,+0.05,9,536300
109/06/12,24292,37.50,38.60,37.20,38.50,+0.30,21,922125
109/06/15,21000,38.50,39.00,38.50,38.70,+0.20,18,813900
109/06/16,66200,39.10,40.80,38.80,40.20,+1.50,55,2632950
109/06/17,21015,40.20,40.20,39.50,40.00,-0.20,15,838253
109/06/18,32120,40.20,40.75,40.10,40.55,+0.55,27,1301214
109/06/19,117000,42.60,42.60,41.00,41.45,+0.90,86,4878400
109/06/22,75092,41.45,41.45,40.50,41.05,-0.40,54,3083586
109/06/23,33000,42.25,42.25,41.30,41.50,+0.45,31,1371800
109/06/24,117018,41.60,42.95,41.05,41.40,-0.10,75,4880219
109/06/29,135100,41.60,41.65,41.10,41.60,+0.20,100,5600500
109/06/30,116080,37.10,38.10,36.50,37.70,,86,4296280
109/07/01,18000,37.50,38.00,37.50,37.70,0.00,18,678900
109/07/02,36000,38.45,38.45,37.70,37.70,0.00,28,1364000
109/07/03,28000,38.00,38.30,37.70,38.00,+0.30,20,1061600
109/07/06,17000,38.40,38.45,37.75,38.20,+0.20,15,649900
109/07/07,12300,37.95,38.30,37.90,38.30,+0.10,11,469000
109/07/08,189000,38.30,41.95,38.30,41.90,+3.60,135,7680150
109/07/09,391130,42.95,46.05,42.95,44.90,+3.00,228,17524938
109/07/10,96200,45.00,45.00,42.15,44.50,-0.40,76,4217080
109/07/13,142670,45.50,46.00,44.55,45.55,+1.05,102,6502702
109/07/14,157314,45.60,45.60,44.75,44.80,-0.75,87,7091823
109/07/15,112160,45.30,45.30,43.50,44.20,-0.60,69,4950458
109/07/16,28080,44.20,44.20,44.00,44.10,-0.10,24,1237796
109/07/17,36000,43.90,44.10,43.80,44.10,0.00,27,1581150
109/07/20,13000,44.10,44.10,42.60,44.00,-0.10,12,562400
109/07/21,68000,43.80,44.30,43.80,44.00,0.00,39,2991850
109/07/22,31000,44.00,44.00,43.75,44.00,0.00,22,1360850
109/07/23,161115,44.00,45.60,44.00,44.50,+0.50,105,7266000
109/07/24,85000,44.70,44.90,44.05,44.50,0.00,53,3789000
109/07/27,168000,45.00,46.70,45.00,45.50,+1.00,107,7673550
109/07/28,73000,45.00,45.95,45.00,45.50,0.00,51,3327050
109/07/29,34000,44.50,45.40,44.50,45.40,-0.10,21,1523150
109/07/30,96000,45.40,46.10,45.40,45.50,+0.10,58,4392000
109/07/31,47000,45.70,45.80,45.25,45.75,+0.25,33,2145100
109/08/03,90000,45.75,46.40,45.50,46.35,+0.60,57,4135700
109/08/04,275672,46.50,47.50,45.50,46.85,+0.50,193,12922918
109/08/05,91729,46.85,46.85,46.30,46.60,-0.25,82,4273347
109/08/06,110406,46.50,46.50,45.40,45.90,-0.70,94,5077221
109/08/07,207650,45.70,45.80,43.30,43.30,-2.60,164,9216000
109/08/10,236092,39.20,39.60,39.00,39.00,-4.30,146,9224388
109/08/11,208400,38.40,38.60,35.20,37.30,-1.70,138,7598166
109/08/12,113680,36.20,37.60,36.10,36.90,-0.40,78,4173255
109/08/13,89513,36.30,37.45,35.50,36.50,-0.40,58,3230046
109/08/14,73550,36.50,36.50,35.50,35.70,-0.80,58,2632835
109/08/17,52360,35.20,35.40,35.00,35.35,-0.35,46,1843472
109/08/18,23134,36.15,36.15,35.40,35.40,+0.05,23,823941
109/08/19,33000,35.45,35.85,35.45,35.85,+0.45,24,1174400
109/08/20,41100,35.15,35.80,34.00,35.80,-0.05,38,1424320
109/08/21,16143,36.45,36.80,36.00,36.00,+0.20,15,584898
109/08/24,15000,36.45,36.50,36.00,36.15,+0.15,14,545150
109/08/25,35000,36.60,36.70,36.20,36.25,+0.10,24,1277500
109/08/26,42960,36.70,36.70,35.50,35.70,-0.55,33,1543330
109/08/27,33660,35.65,36.30,35.55,36.30,+0.60,29,1202094
109/08/28,29228,36.70,36.80,35.60,36.50,+0.20,24,1070522
109/08/31,13000,37.15,37.15,36.10,36.60,+0.10,11,474950
109/09/01,10400,36.55,36.60,36.45,36.60,0.00,12,379579
109/09/02,18990,36.60,36.70,36.45,36.70,+0.10,19,695533
109/09/03,36110,36.60,36.60,36.20,36.30,-0.40,22,1310560
109/09/04,65304,35.50,36.85,35.50,36.85,+0.55,29,2364001
109/09/07,122970,37.00,38.40,36.90,38.00,+1.15,72,4649360
109/09/08,37110,37.25,37.65,37.25,37.65,-0.35,23,1389553
109/09/09,53000,36.80,37.20,36.80,36.80,-0.85,29,1959900
109/09/10,82000,36.65,36.65,35.40,35.40,-1.40,51,2921450
109/09/11,38100,35.40,35.50,34.90,34.95,-0.45,32,1337875
109/09/14,158760,34.95,34.95,32.85,33.80,-1.15,121,5297638
109/09/15,82339,33.50,33.50,32.40,33.30,-0.50,69,2697637
109/09/16,26600,33.15,33.20,32.30,33.00,-0.30,24,872030
109/09/17,26250,32.40,32.75,32.10,32.50,-0.50,30,852024
109/09/18,49410,32.40,32.40,31.95,32.35,-0.15,36,1587139
109/09/21,32000,32.30,32.50,32.20,32.40,+0.05,27,1036150
109/09/22,43023,32.40,32.40,32.05,32.35,-0.05,25,1388495
109/09/23,21330,32.50,32.50,32.30,32.35,0.00,16,691409
109/09/24,36000,32.00,32.00,31.65,31.80,-0.55,22,1147350
109/09/25,33320,31.80,32.20,31.00,31.65,-0.15,26,1047266
109/09/28,5000,32.00,32.00,31.80,31.80,+0.15,4,159600
109/09/29,3100,32.00,32.00,32.00,32.00,+0.20,3,99180
109/09/30,2000,32.00,32.50,32.00,32.50,+0.50,2,64500
109/10/05,14220,32.50,32.50,32.00,32.45,-0.05,7,456012
109/10/06,9080,31.60,32.00,31.60,32.00,-0.45,10,289834
109/10/07,40358,31.25,31.90,31.25,31.90,-0.10,14,1282070
109/10/08,12000,31.45,31.45,31.30,31.40,-0.50,9,376550
109/10/12,1087,32.40,32.40,32.40,32.40,+1.00,2,35218
109/10/13,1000,32.20,32.20,32.20,32.20,-0.20,1,32200
109/10/14,11000,32.05,32.40,32.05,32.40,+0.20,9,355300
109/10/15,40400,31.45,31.45,30.50,31.00,-1.40,21,1262600
109/10/16,8000,31.40,31.50,31.00,31.00,0.00,7,250400
109/10/19,2300,31.45,31.50,31.45,31.50,+0.50,3,72400
109/10/20,7360,31.50,32.30,31.50,32.30,+0.80,5,232928
109/10/21,4276,32.10,32.10,31.15,31.90,-0.40,6,135171
109/10/22,4000,31.80,31.80,31.80,31.80,-0.10,4,127200
109/10/23,2000,31.90,31.95,31.90,31.95,+0.15,2,63850
109/10/26,10000,32.10,32.10,31.30,31.90,-0.05,6,315800
109/10/27,10660,31.90,31.90,31.90,31.90,0.00,5,339856
109/10/28,15071,31.55,31.85,31.50,31.85,-0.05,8,475122
109/10/29,21000,31.30,31.65,31.30,31.65,-0.20,7,658000
109/10/30,6110,31.10,31.30,31.00,31.30,-0.35,6,190454
109/11/02,11450,30.70,31.30,30.70,31.30,0.00,10,355320
109/11/03,24511,30.75,30.80,30.70,30.70,-0.60,15,753092
109/11/04,2000,31.50,31.50,31.40,31.40,+0.70,2,62900
109/11/05,5000,31.20,31.25,31.00,31.25,-0.15,4,155650
109/11/06,12000,31.10,31.40,31.00,31.40,+0.15,10,375700
109/11/09,13220,31.00,31.70,31.00,31.60,+0.20,10,411144
109/11/10,10002,31.05,31.20,31.05,31.20,-0.40,8,311412
109/11/11,29327,31.20,31.20,30.80,30.90,-0.30,16,906865
109/11/12,11000,30.90,30.90,30.60,30.60,-0.30,8,337300
109/11/13,6660,31.40,31.40,30.45,30.45,-0.15,7,203782
109/11/16,7210,30.45,30.50,30.45,30.50,+0.05,4,219897
109/11/17,106640,30.60,31.00,30.15,30.15,-0.35,51,3252732
109/11/18,23500,30.25,31.00,30.20,31.00,+0.85,14,712150
109/11/19,10000,30.55,30.90,30.50,30.90,-0.10,9,307300
109/11/20,47098,30.70,31.25,30.40,31.25,+0.35,9,1441583
109/11/23,19342,30.65,30.90,30.30,30.60,-0.65,20,592062
109/11/24,68000,30.60,31.00,30.30,31.00,+0.40,28,2073200
109/11/25,28000,31.05,31.05,30.35,31.00,0.00,20,854350
109/11/26,37000,30.40,30.90,30.15,30.90,-0.10,27,1122650
109/11/27,6000,30.40,30.90,30.40,30.75,-0.15,6,184600
109/11/30,7110,31.00,31.00,30.70,30.95,+0.20,7,219060
109/12/01,7190,30.60,30.95,30.50,30.95,0.00,8,220487
109/12/02,18000,30.65,30.70,30.45,30.70,-0.25,9,549400
109/12/03,17000,30.70,30.90,30.50,30.80,+0.10,13,521400
109/12/04,34200,30.60,30.80,30.40,30.40,-0.40,26,1043130
109/12/07,54220,30.40,30.40,30.10,30.10,-0.30,39,1640294
109/12/08,13160,30.05,30.15,30.00,30.15,+0.05,15,395582
109/12/09,18172,30.20,30.30,30.10,30.30,+0.15,13,548189
109/12/10,28000,30.20,30.40,30.10,30.40,+0.10,14,844000
109/12/11,14989,30.55,30.55,29.90,30.00,-0.40,18,450546
109/12/14,22274,29.80,29.80,29.40,29.40,-0.60,21,658923
109/12/15,23155,29.60,29.60,29.15,29.30,-0.10,21,679238
109/12/16,7000,29.15,29.50,29.10,29.35,+0.05,5,205500
109/12/17,39000,29.30,29.45,29.00,29.45,+0.10,17,1136350
109/12/18,0,---,---,---,---,---,0,0
109/12/21,28630,29.00,29.10,29.00,29.00,-0.45,18,830370
109/12/22,6000,29.00,29.00,29.00,29.00,0.00,5,174000
109/12/23,5010,29.00,29.00,29.00,29.00,0.00,6,145292
109/12/24,21000,28.90,29.20,28.60,29.00,0.00,17,606450
109/12/25,45880,29.50,30.30,29.50,29.80,+0.80,17,1369710
109/12/28,68050,30.00,30.45,29.95,30.45,+0.65,23,2050025
109/12/29,1000,30.40,30.40,30.40,30.40,-0.05,1,30400
109/12/30,15149,30.00,30.00,29.55,29.70,-0.70,17,450043
109/12/31,5230,29.70,30.30,29.65,29.95,+0.25,7,156331
110/01/04,7000,29.95,29.95,29.75,29.75,-0.20,6,209000
110/01/05,19110,29.80,29.90,29.80,29.85,+0.10,13,569921
110/01/06,10000,29.80,29.85,29.80,29.80,-0.05,7,298100
110/01/07,9010,29.80,30.00,29.80,29.95,+0.15,8,269848
110/01/08,10200,29.85,29.90,29.80,29.90,-0.05,7,304169
110/01/11,6000,29.30,29.50,29.15,29.50,-0.40,6,175500
110/01/12,35002,29.00,29.00,28.70,29.00,-0.50,31,1011409
110/01/13,3000,29.05,29.80,29.05,29.75,+0.75,3,88600
110/01/14,3000,29.20,29.20,29.20,29.20,-0.55,3,87600
110/01/15,3000,29.70,29.70,29.65,29.65,+0.45,3,89000
110/01/18,6440,29.65,29.65,29.00,29.50,-0.15,9,188782
110/01/19,4220,29.10,29.25,29.10,29.15,-0.35,6,122980
110/01/20,3100,28.65,28.65,28.65,28.65,-0.50,3,88840
110/01/21,9200,28.65,28.80,28.65,28.65,0.00,15,263797
110/01/22,6000,28.40,28.85,28.40,28.85,+0.20,5,171800
110/01/25,6008,28.80,28.80,28.35,28.70,-0.15,7,171178
110/01/26,6429,28.30,28.90,28.30,28.90,+0.20,12,182295
110/01/27,4330,28.60,28.60,28.60,28.60,-0.30,6,123772
110/01/28,45080,28.60,28.60,27.50,28.50,-0.10,34,1265706
110/01/29,7000,29.00,29.00,28.20,28.20,-0.30,5,200200
110/02/01,5510,28.15,28.15,28.15,28.15,-0.05,6,155245
110/02/02,18110,27.70,27.90,27.65,27.90,-0.25,11,502508
110/02/03,9110,27.70,28.10,27.60,28.10,+0.20,9,252890
110/02/04,35440,27.70,28.10,27.50,28.10,0.00,26,979562
110/02/05,4015,28.10,28.10,28.10,28.10,0.00,4,112821
110/02/17,8112,30.00,30.00,29.00,29.00,+0.90,7,240349
110/02/18,3300,29.00,29.00,29.00,29.00,0.00,5,95700
110/02/19,23300,29.00,29.00,28.90,28.90,-0.10,18,675150
110/02/22,94039,28.70,28.90,28.00,28.55,-0.35,79,2657508
110/02/23,16211,28.60,28.80,28.40,28.45,-0.10,15,462826
110/02/24,41500,28.30,28.55,28.10,28.55,+0.10,24,1169205
110/02/25,13161,28.20,28.55,28.15,28.55,0.00,13,371293
110/02/26,20000,28.35,28.35,28.05,28.05,-0.50,13,562050
110/03/02,66005,28.05,28.05,27.60,27.60,-0.45,53,1831939
110/03/03,14110,27.60,28.00,27.50,28.00,+0.40,13,393380
110/03/04,27000,28.10,28.10,27.80,28.10,+0.10,20,755650
110/03/05,23000,28.10,28.30,27.90,28.00,-0.10,16,646250
110/03/08,24271,28.00,28.10,27.95,28.10,+0.10,26,680030
110/03/09,27000,28.10,28.10,27.80,28.05,-0.05,20,752750
110/03/10,20000,28.00,28.15,27.75,28.10,+0.05,19,560600
110/03/11,24000,28.45,28.45,27.90,28.05,-0.05,16,674350
110/03/12,19110,27.80,28.00,27.75,27.85,-0.20,15,531485
110/03/15,33530,27.85,27.85,27.80,27.80,-0.05,26,932837
110/03/16,41000,27.70,27.90,27.50,27.90,+0.10,35,1131750
110/03/17,43001,27.90,27.90,27.45,27.80,-0.10,22,1186777
110/03/18,73989,27.60,27.60,27.25,27.30,-0.50,51,2025238
110/03/19,66065,27.30,27.50,26.95,27.50,+0.20,37,1789965
110/03/22,62240,27.00,27.50,26.95,27.40,-0.10,43,1683392
110/03/23,37000,27.30,27.30,26.80,26.80,-0.60,25,996550
110/03/24,9110,26.80,27.00,26.80,27.00,+0.20,10,244887
110/03/25,25110,26.55,26.90,26.50,26.90,-0.10,23,666564
110/03/26,12050,26.95,26.95,26.90,26.95,+0.05,8,324460
110/03/29,48000,27.00,27.05,26.75,27.00,+0.05,25,1289000
110/03/30,46252,27.70,27.70,26.60,27.00,0.00,30,1243904
110/03/31,111200,26.70,26.80,26.40,26.50,-0.50,64,2947554
110/04/01,61000,26.50,27.00,26.45,27.00,+0.50,40,1626450
110/04/06,29000,27.20,27.20,27.00,27.00,0.00,17,784950
110/04/07,10150,26.85,27.10,26.85,27.10,+0.10,9,273700
110/04/08,96001,27.20,27.20,26.85,26.90,-0.20,46,2587326
110/04/09,65098,26.95,27.20,26.90,27.20,+0.30,45,1762099
110/04/12,141710,28.05,28.05,27.60,27.95,+0.75,98,3959366
110/04/13,42005,28.30,28.30,27.80,27.80,-0.15,28,1174502
110/04/14,23000,27.80,27.80,27.20,27.60,-0.20,16,632650
110/04/15,14660,27.60,28.00,27.60,27.80,+0.20,12,407850
110/04/16,12286,27.80,27.95,27.80,27.90,+0.10,18,342439
110/04/19,30335,27.90,27.90,27.15,27.50,-0.40,32,836331
110/04/20,42911,27.50,27.60,27.35,27.60,+0.10,41,1177924
110/04/21,77620,27.65,28.20,27.60,28.10,+0.50,47,2169602
110/04/22,53637,28.20,28.20,27.80,28.05,-0.05,46,1505022
110/04/23,100180,28.10,28.20,28.00,28.10,+0.05,63,2812603
110/04/26,103001,28.10,28.85,28.10,28.45,+0.35,67,2943878
110/04/27,54110,28.60,28.60,28.20,28.50,+0.05,40,1532878
110/04/28,93000,28.10,28.50,28.00,28.30,-0.20,52,2615050
110/04/29,86100,28.10,28.20,28.05,28.10,-0.20,61,2419978
110/05/03,41000,28.10,28.10,27.70,27.75,-0.35,29,1141200
110/05/04,27210,27.25,27.50,27.10,27.50,-0.25,19,739734
110/05/05,65301,27.10,27.50,27.00,27.20,-0.30,41,1776447
110/05/06,28910,27.05,27.15,27.00,27.00,-0.20,24,782782
110/05/07,14120,27.10,27.90,27.05,27.65,+0.65,12,387468
110/05/10,50899,27.90,27.90,27.20,27.50,-0.15,45,1404346
110/05/11,69213,27.50,27.50,27.10,27.20,-0.30,51,1888149
110/05/12,53100,27.40,27.40,26.60,26.65,-0.55,26,1428804
110/05/13,43120,26.70,27.25,26.70,27.25,+0.60,27,1164216
110/05/14,57020,27.45,27.50,26.60,26.60,-0.65,41,1534386
110/05/17,30023,26.30,26.70,25.20,25.20,-1.40,21,782738
110/05/18,3078,26.95,26.95,26.45,26.45,+1.25,4,82113
110/05/19,6001,27.00,27.00,26.05,26.95,+0.50,6,158276
110/05/20,28519,26.95,26.95,26.25,26.60,-0.35,24,758281
110/05/21,10110,26.45,27.25,26.45,26.95,+0.35,8,272998
110/05/24,26005,26.50,26.90,26.50,26.60,-0.35,18,695683
110/05/25,27000,26.85,27.00,26.70,26.70,+0.10,21,725200
110/05/26,19002,26.65,26.95,26.65,26.70,0.00,13,507752
110/05/27,15981,26.95,26.95,26.75,26.80,+0.10,14,428323
110/05/28,20000,26.85,26.85,26.60,26.60,-0.20,18,533300
110/05/31,11002,26.65,27.30,26.65,27.30,+0.70,11,295256
110/06/01,19100,26.95,27.25,26.85,27.20,-0.10,15,514845
110/06/02,17328,27.00,27.10,26.90,27.00,-0.20,18,467715
110/06/03,28425,27.35,27.60,27.15,27.60,+0.60,23,778771
110/06/04,471719,28.00,30.35,27.60,30.35,+2.75,281,14139255
110/06/07,977692,31.00,33.35,30.35,33.35,+3.00,591,31342172
110/06/08,340514,32.95,33.20,31.30,31.30,-2.05,197,10973026
110/06/09,276231,31.70,33.65,31.30,31.45,+0.15,198,8934285
110/06/10,211055,31.70,32.45,30.00,30.35,-1.10,164,6527952
110/06/11,596395,30.70,33.35,30.70,31.50,+1.15,358,19185796
110/06/15,144002,31.65,33.00,31.50,32.40,+0.90,101,4624114
110/06/16,105100,32.00,32.45,31.50,31.75,-0.65,79,3342255
110/06/17,45000,31.60,32.15,31.50,31.80,+0.05,29,1430700
110/06/18,177001,32.00,32.50,31.20,31.55,-0.25,97,5610731
110/06/21,49053,31.20,31.20,30.70,30.70,-0.85,42,1516168
110/06/22,102249,30.90,30.90,30.20,30.30,-0.40,58,3109131
110/06/23,129110,30.30,30.40,29.65,30.00,-0.30,94,3862300
110/06/24,98642,30.00,30.25,29.50,30.00,0.00,66,2937239
110/06/25,47001,30.00,30.00,29.75,30.00,0.00,37,1406079
110/06/28,36000,30.85,30.85,29.80,30.25,+0.25,25,1079250
110/06/29,40101,30.35,30.35,29.50,29.80,-0.45,40,1193530
110/06/30,27236,29.65,30.05,29.65,30.05,+0.25,22,809876
110/07/01,32236,30.05,30.10,29.80,29.90,-0.15,25,966732
110/07/02,14020,29.90,30.15,29.80,30.00,+0.10,15,419698
110/07/05,29650,30.00,30.55,30.00,30.50,+0.50,22,894509
110/07/06,36035,30.50,30.70,30.30,30.65,+0.15,27,1100796
110/07/07,63579,30.90,32.00,30.90,31.15,+0.50,51,1997648
110/07/08,17000,30.85,31.50,30.85,31.50,+0.35,13,528850
110/07/09,28383,30.55,31.70,30.40,31.70,+0.20,28,877933
110/07/12,83383,32.35,32.35,31.30,31.80,+0.10,52,2643264
110/07/13,29430,31.80,31.80,31.20,31.20,-0.60,18,924313
110/07/14,24784,31.05,31.95,30.90,31.45,+0.25,23,772556
110/07/15,25000,31.45,31.80,31.45,31.45,0.00,18,790050
110/07/16,5427,31.80,31.80,31.45,31.45,0.00,6,171437
110/07/19,17100,31.25,31.50,31.20,31.50,+0.05,17,535359
110/07/20,23042,31.30,31.30,31.00,31.00,-0.50,19,717306
110/07/21,17110,31.35,31.55,31.00,31.05,+0.05,16,532749
110/07/22,15231,31.45,31.45,31.10,31.10,+0.05,13,475984
110/07/23,66150,31.10,32.00,31.10,31.55,+0.45,47,2082432
110/07/26,21480,31.55,32.00,31.55,31.60,+0.05,19,682630
110/07/27,58000,32.20,32.45,31.55,31.55,-0.05,33,1848400
110/07/28,13285,31.50,31.55,31.50,31.55,0.00,14,418735
110/07/29,27000,31.55,31.60,31.30,31.60,+0.05,15,849650
110/07/30,14410,31.30,31.45,31.30,31.40,-0.20,15,452442
110/08/02,8120,31.50,31.65,31.45,31.45,+0.05,11,256008
110/08/03,32936,31.85,31.85,31.40,31.50,+0.05,27,1036601
110/08/04,144563,31.50,32.20,31.50,31.75,+0.25,105,4597452
110/08/05,60050,31.35,32.20,31.00,31.25,,37,1892427
110/08/06,30220,31.15,31.50,31.10,31.40,+0.15,26,942603
110/08/09,39150,30.90,31.25,30.70,31.15,-0.25,26,1205437
110/08/10,247490,33.90,33.90,32.20,32.80,+1.65,165,8152039
110/08/11,118063,33.20,33.20,32.20,32.45,-0.35,70,3854250
110/08/12,202393,32.90,33.10,32.60,32.95,+0.50,130,6654048
110/08/13,80737,33.20,33.30,32.65,33.00,+0.05,77,2663775
110/08/16,98050,33.50,33.50,31.35,32.20,-0.80,59,3158565
110/08/17,51030,32.60,32.60,31.75,31.85,-0.35,39,1638625
110/08/18,113260,31.20,32.20,31.20,32.05,+0.20,70,3614017
110/08/19,62653,32.10,32.10,31.10,31.15,-0.90,47,1971249
110/08/20,43007,31.10,31.55,31.10,31.10,-0.05,32,1340924
110/08/23,36022,31.15,31.15,30.95,31.00,-0.10,33,1119300
110/08/24,80000,31.00,31.15,30.30,30.70,-0.30,48,2455700
110/08/25,13000,30.90,31.00,30.75,30.75,+0.05,10,401550
110/08/26,7180,30.65,30.95,30.65,30.95,+0.20,8,221352
110/08/27,6000,31.00,31.20,31.00,31.00,+0.05,6,186650
110/08/30,22098,31.10,31.15,31.00,31.15,+0.15,17,686423
110/08/31,23304,31.15,31.45,31.15,31.20,+0.05,21,727725
110/09/01,47000,31.25,31.30,31.00,31.25,+0.05,46,1464100
110/09/02,27000,31.25,31.25,31.00,31.25,0.00,23,840500
110/09/03,153118,31.50,32.50,31.50,31.85,+0.60,82,4910128
110/09/06,82285,31.85,32.65,31.80,32.20,+0.35,54,2655288
110/09/07,42052,32.20,32.20,31.95,31.95,-0.25,27,1347974
110/09/08,31000,31.95,32.45,31.85,32.45,+0.50,25,991950
110/09/09,370734,32.10,35.00,32.10,34.45,+2.00,231,12658858
110/09/10,366481,34.30,34.90,32.80,34.40,-0.05,289,12396275
110/09/13,582709,34.55,36.50,34.10,35.50,+1.10,364,20854429
110/09/14,185110,35.00,35.35,34.30,34.80,-0.70,132,6432728
110/09/15,138557,34.65,34.65,33.70,33.70,-1.10,89,4707892
110/09/16,74000,33.35,34.40,33.10,34.30,+0.60,61,2498700
110/09/17,13000,34.40,34.40,34.00,34.15,-0.15,11,445150
110/09/22,100238,33.35,33.35,32.50,32.50,-1.65,76,3294596
110/09/23,27368,32.80,33.25,32.65,32.65,+0.15,24,897680
110/09/24,46000,32.80,33.05,32.00,32.60,-0.05,37,1505000
110/09/27,46000,32.60,32.95,32.60,32.95,+0.35,28,1502850
110/09/28,13121,32.80,33.20,32.75,33.20,+0.25,14,431917
110/09/29,54000,32.40,32.40,32.00,32.00,-1.20,50,1740800
110/09/30,13000,32.30,32.75,32.10,32.45,+0.45,11,418750
110/10/01,69010,32.35,32.45,31.10,31.45,-1.00,57,2176664
110/10/04,28550,31.60,31.60,31.00,31.15,-0.30,27,894301
110/10/05,16000,31.00,31.70,31.00,31.60,+0.45,16,502150
110/10/06,20700,31.50,31.55,31.00,31.20,-0.40,20,649093
110/10/07,30010,31.35,31.80,31.00,31.45,+0.25,25,942714
110/10/08,51000,31.50,32.00,31.45,31.50,+0.05,41,1612900
110/10/12,56072,31.50,31.80,30.75,31.20,-0.30,47,1740553
110/10/13,54000,31.20,31.20,30.50,30.70,-0.50,42,1654950
110/10/14,28100,30.60,31.40,30.60,30.95,+0.25,21,866945
110/10/15,12000,30.90,31.20,30.90,31.20,+0.25,10,372750
110/10/18,7000,31.00,31.05,31.00,31.05,-0.15,5,217050
110/10/19,43330,31.10,31.35,31.00,31.35,+0.30,26,1346530
110/10/20,38120,32.10,32.10,31.60,31.85,+0.50,30,1211871
110/10/21,35000,31.90,31.90,31.45,31.70,-0.15,17,1105600
110/10/22,7000,31.55,31.65,31.50,31.65,-0.05,7,220850
110/10/25,22200,31.60,31.85,31.60,31.65,0.00,15,705250
110/10/26,32000,31.65,31.75,31.65,31.65,0.00,20,1013400
110/10/27,50000,31.65,32.05,31.65,32.05,+0.40,36,1589450
110/10/28,99566,32.10,32.90,32.05,32.70,+0.65,78,3250037
110/10/29,207447,32.15,34.20,32.15,33.80,+1.10,152,6918461
110/11/01,168131,34.15,35.10,34.05,34.70,+0.90,116,5834340
110/11/02,342815,35.50,36.50,35.00,35.50,+0.80,200,12289935
110/11/03,103060,36.50,36.50,35.50,35.50,0.00,83,3712329
110/11/04,44310,35.55,36.05,35.10,35.50,0.00,38,1572294
110/11/05,37014,36.00,36.00,35.10,35.50,0.00,35,1317015
110/11/08,103305,35.50,36.10,35.00,36.05,+0.55,75,3672287
110/11/09,47221,36.00,36.60,35.65,35.85,-0.20,37,1693304
110/11/10,445727,37.30,38.15,36.55,36.75,+0.90,299,16610264
110/11/11,170116,36.35,37.25,36.20,36.55,-0.20,107,6255051
110/11/12,627977,38.00,39.70,37.10,37.80,+1.25,450,24045761
110/11/15,282467,38.70,38.70,37.50,37.75,-0.05,173,10714499
110/11/16,277549,38.25,38.60,37.75,38.60,+0.85,172,10597414
110/11/17,146380,39.10,39.20,37.50,38.10,-0.50,115,5600159
110/11/18,109004,37.60,38.00,37.60,37.80,-0.30,77,4118303
110/11/19,111132,37.90,37.90,37.00,37.05,-0.75,79,4142978
110/11/22,43210,37.75,37.75,37.20,37.25,+0.20,34,1617995
110/11/23,43000,36.95,37.40,36.75,36.90,-0.35,30,1596950
110/11/24,78097,37.00,37.05,36.50,36.80,-0.10,49,2867989
110/11/25,84000,36.65,37.05,36.10,36.85,+0.05,49,3069600
110/11/26,41000,36.40,36.50,36.10,36.50,-0.35,30,1485900
110/11/29,68060,36.05,36.90,36.00,36.90,+0.40,36,2478002
110/11/30,46110,37.50,38.00,37.15,37.70,+0.80,39,1732858
110/12/01,44730,38.00,38.00,37.45,37.45,-0.25,26,1682881
110/12/02,33000,37.25,37.60,36.85,37.40,-0.05,25,1224000
110/12/03,38010,36.95,37.20,36.95,37.20,-0.20,35,1409724
110/12/06,46000,36.95,37.05,36.70,36.75,-0.45,32,1696350
110/12/07,20110,36.80,37.20,36.75,36.95,+0.20,21,741391
110/12/08,28430,37.10,37.25,36.95,37.05,+0.10,25,1053572
110/12/09,61000,37.20,38.00,37.10,37.90,+0.85,39,2287800
110/12/10,115100,38.20,38.40,37.55,38.00,+0.10,89,4370088
110/12/13,237234,38.10,39.60,38.00,38.50,+0.50,185,9166415
110/12/14,96770,38.10,38.90,38.00,38.35,-0.15,82,3711029
110/12/15,146913,38.30,39.80,38.30,39.25,+0.90,130,5755084
110/12/16,85000,39.85,39.95,38.80,38.90,-0.35,74,3320500
110/12/17,46076,39.00,39.00,38.50,38.55,-0.35,46,1781945
110/12/20,89302,38.70,38.70,38.25,38.70,+0.15,60,3444786
110/12/21,25000,38.75,38.75,38.55,38.60,-0.10,21,964950
110/12/22,50228,38.65,39.00,38.60,38.65,+0.05,48,1946472
110/12/23,46335,38.70,38.70,38.50,38.60,-0.05,48,1789249
110/12/24,52000,38.90,39.35,38.65,38.70,+0.10,46,2023200
110/12/27,359766,39.15,41.70,39.05,41.50,+2.80,281,14557840
110/12/28,137889,41.60,42.00,40.75,41.00,-0.50,108,5662964
110/12/29,83110,41.00,41.50,40.90,41.50,+0.50,67,3422843
110/12/30,69024,41.15,41.45,41.10,41.30,-0.20,46,2847339
111/01/03,114470,41.15,41.90,41.15,41.90,+0.60,84,4752293
111/01/04,142225,42.20,42.90,42.00,42.70,+0.80,113,6049729
111/01/05,233017,42.80,43.70,42.70,43.50,+0.80,203,10084192
111/01/06,163154,43.45,44.50,43.45,43.75,+0.25,124,7176296
111/01/07,561253,47.60,47.60,42.00,43.60,-0.15,433,25219704
111/01/10,153209,44.00,45.60,43.45,44.35,+0.75,129,6772852
111/01/11,432222,44.90,45.80,44.80,45.70,+1.35,345,19624258
111/01/12,247593,46.50,46.50,44.50,44.80,-0.90,219,11267277
111/01/13,144525,45.80,45.80,43.45,43.75,-1.05,217,6353565
111/01/14,443061,43.90,43.90,40.50,41.80,-1.95,458,18407381
111/01/17,111000,41.95,42.90,41.65,42.85,+1.05,88,4721150
111/01/18,128000,43.30,44.40,43.30,43.60,+0.75,86,5591650
111/01/19,56000,43.50,43.85,43.15,43.70,+0.10,45,2443350
111/01/20,34004,43.50,43.85,43.20,43.80,+0.10,25,1480074
111/01/21,83457,42.75,42.95,42.50,42.80,-1.00,77,3563687
111/01/24,55011,42.10,42.50,41.90,42.50,-0.30,50,2318872
111/01/25,107458,41.70,42.00,41.60,41.60,-0.90,68,4493671
111/01/26,27110,41.60,41.90,41.40,41.90,+0.30,26,1130830
111/02/07,46242,41.90,42.80,41.90,42.70,+0.80,31,1959215
111/02/08,87220,42.90,43.85,42.90,43.80,+1.10,64,3798269
111/02/09,120000,43.85,45.00,43.85,44.80,+1.00,84,5344900
111/02/10,161029,45.20,45.30,43.40,43.40,-1.40,123,7088576
111/02/11,54030,42.85,44.10,42.80,43.55,+0.15,46,2360056
111/02/14,47000,43.55,43.55,42.35,42.40,-1.15,35,2011400
111/02/15,93073,41.80,43.45,41.80,42.50,+0.10,63,3952145
111/02/16,124422,43.45,44.05,43.20,43.50,+1.00,80,5432872
111/02/17,37147,43.50,43.90,43.35,43.85,+0.35,31,1618594
111/02/18,45094,43.50,44.00,43.30,43.50,-0.35,45,1963648
111/02/21,44040,43.50,44.45,43.50,44.30,+0.80,32,1940931
111/02/22,57002,44.20,44.30,43.40,44.00,-0.30,42,2509438
111/02/23,28000,43.50,44.50,43.50,44.25,+0.25,25,1236150
111/02/24,78001,43.60,44.40,42.70,42.85,-1.40,63,3378594
111/02/25,50030,43.60,43.80,43.00,43.00,+0.15,34,2178880
111/03/01,19000,43.20,43.35,43.20,43.35,+0.35,12,822450
111/03/02,6010,43.35,43.65,43.10,43.65,+0.30,9,260637
111/03/03,31000,43.70,43.80,43.35,43.50,-0.15,23,1351150
111/03/04,26000,43.50,43.50,43.10,43.10,-0.40,25,1126250
111/03/07,48055,42.65,43.00,42.30,42.50,-0.60,39,2045118
111/03/08,48050,42.05,43.70,42.05,42.85,+0.35,39,2053372
111/03/09,174000,42.20,43.10,41.75,42.75,-0.10,115,7371950
111/03/10,155285,43.25,43.40,41.90,42.00,-0.75,195,6567848
111/03/11,181203,43.10,43.20,42.00,42.50,+0.50,99,7731616
111/03/14,53009,43.05,43.05,42.45,42.70,+0.20,35,2270028
111/03/15,46112,42.55,42.75,42.15,42.30,-0.40,46,1950312
111/03/16,45110,42.35,42.60,42.05,42.50,+0.20,37,1903255
111/03/17,55600,42.90,43.10,42.55,42.90,+0.40,35,2382819
111/03/18,14616,42.90,42.90,42.70,42.85,-0.05,20,625755
111/03/21,21081,43.45,43.45,42.95,42.95,+0.10,28,908269
111/03/22,18000,43.05,43.10,42.85,43.10,+0.15,17,774150
111/03/23,26000,43.10,43.15,42.90,43.00,-0.10,21,1119350
111/03/24,30027,43.05,43.10,42.95,43.00,0.00,25,1291661
111/03/25,30001,43.15,43.20,42.60,43.00,0.00,30,1285997
111/03/28,13561,42.50,43.05,42.50,42.95,-0.05,17,581177
111/03/29,32152,43.05,43.10,42.75,42.95,0.00,27,1381127
111/03/30,20110,43.20,43.20,42.80,42.95,0.00,21,862507
111/03/31,13059,42.80,42.80,42.65,42.80,-0.15,15,558125
111/04/01,66316,42.00,42.60,41.90,42.60,-0.20,52,2789582
111/04/06,16003,42.60,42.75,42.60,42.70,+0.10,14,682977
111/04/07,65000,42.50,42.50,41.90,42.20,-0.50,37,2737050
111/04/08,51010,42.30,42.30,41.90,42.15,-0.05,41,2141920
111/04/11,65300,42.15,42.15,41.50,41.90,-0.25,47,2725845
111/04/12,85146,41.10,41.20,40.85,41.00,-0.90,66,3487019
111/04/13,55000,41.50,42.30,41.00,42.30,+1.30,45,2284850
111/04/14,39219,42.20,42.20,41.40,42.00,-0.30,32,1638261
111/04/15,68047,41.80,41.85,41.40,41.85,-0.15,22,2838481
111/04/18,22001,41.90,41.90,41.50,41.75,-0.10,17,915041
111/04/19,1000,42.20,42.20,42.20,42.20,+0.45,1,42200
111/04/20,24003,42.20,42.20,41.60,41.75,-0.45,23,1002826
111/04/21,44001,42.00,42.00,41.25,41.80,+0.05,21,1824541
111/04/22,15028,41.80,42.00,41.20,41.60,-0.20,13,623462
111/04/25,53251,41.05,41.25,40.25,40.60,-1.00,53,2166327
111/04/26,5000,40.50,40.80,40.45,40.75,+0.15,5,203100
111/04/27,28001,40.70,40.70,39.95,40.50,-0.25,26,1124340
111/04/28,17000,40.00,40.45,39.95,40.45,-0.05,17,682350
111/04/29,10000,40.45,40.75,40.45,40.75,+0.30,9,405550
111/05/03,2049,40.90,41.00,40.90,41.00,+0.25,4,83896
111/05/04,1130,41.05,41.05,41.05,41.05,+0.05,5,46336
111/05/05,6057,41.75,42.00,41.75,42.00,+0.95,13,253669
111/05/06,15000,41.20,41.20,40.60,41.20,-0.80,6,616750
111/05/09,21010,41.20,41.20,40.65,40.65,-0.55,14,858356
111/05/10,38017,40.25,40.50,40.00,40.30,-0.35,24,1524831
111/05/11,41000,40.20,40.20,39.50,39.75,-0.55,35,1627250
111/05/12,25175,39.50,39.60,39.25,39.25,-0.50,28,992643
111/05/13,24024,41.20,41.20,39.10,40.00,+0.75,26,959191
111/05/16,31026,40.40,40.50,39.60,39.65,-0.35,26,1238630
111/05/17,48000,39.65,39.65,39.15,39.60,-0.05,40,1889650
111/05/18,51000,40.35,41.00,40.00,40.65,+1.05,48,2064650
111/05/19,15020,40.35,40.40,40.10,40.40,-0.25,16,604959
111/05/20,29100,40.40,41.00,40.40,40.95,+0.55,21,1187420
111/05/23,23004,40.85,41.00,40.45,40.50,-0.45,22,935263
111/05/24,17020,40.50,40.50,40.00,40.00,-0.50,13,685250
111/05/25,13009,39.80,40.50,39.75,40.30,+0.30,12,521460
111/05/26,10019,40.60,40.60,40.00,40.20,-0.10,11,404063
111/05/27,14250,40.30,40.60,40.20,40.35,+0.15,20,574496
111/05/30,22048,40.70,40.80,40.50,40.70,+0.35,22,898245
111/05/31,24000,40.90,40.90,40.30,40.40,-0.30,21,971000
111/06/01,22000,40.65,40.65,40.20,40.55,+0.15,20,887800
111/06/02,28010,40.35,40.75,40.35,40.70,+0.15,24,1136555
111/06/06,48093,41.00,41.30,40.75,41.05,+0.35,45,1975839
111/06/07,10000,41.35,41.35,40.90,41.20,+0.15,10,410800
111/06/08,38018,41.40,41.40,41.00,41.25,+0.05,30,1565492
111/06/09,92030,41.80,42.10,41.80,41.95,+0.70,64,3858808
111/06/10,35185,41.55,41.95,41.50,41.95,0.00,39,1468157
111/06/13,38001,41.55,41.80,41.35,41.80,-0.15,31,1578791
111/06/14,30000,41.30,41.75,41.30,41.60,-0.20,27,1246150
111/06/15,22001,41.60,42.30,41.60,41.85,+0.25,18,920191
111/06/16,79021,41.50,41.75,41.20,41.30,-0.55,56,3271468
111/06/17,32113,40.95,40.95,40.00,40.60,-0.70,50,1299378
111/06/20,96094,40.90,40.90,40.20,40.40,-0.20,84,3884640
111/06/21,211064,40.40,41.85,39.60,41.50,+1.10,147,8625549
111/06/22,159843,38.30,39.40,37.40,39.20,,133,6162162
111/06/23,28020,39.00,39.20,38.50,39.00,-0.20,20,1091030
111/06/24,262190,39.80,40.40,39.00,39.25,+0.25,175,10329154
111/06/27,371674,40.40,40.95,39.55,39.75,+0.50,253,14903569
111/06/28,86086,40.40,40.40,39.40,39.40,-0.35,74,3416594
111/06/29,69030,39.30,39.80,39.00,39.40,0.00,50,2719473
111/06/30,47020,39.20,39.20,38.65,38.85,-0.55,43,1826827
111/07/01,110044,40.60,40.60,37.40,38.05,-0.80,75,4287772
111/07/04,38040,38.05,38.35,37.80,38.00,-0.05,31,1446220
111/07/05,46129,38.00,38.65,38.00,38.65,+0.65,41,1769858
111/07/06,54050,38.85,39.00,38.20,38.30,-0.35,39,2087305
111/07/07,34690,38.35,38.45,38.00,38.45,+0.15,37,1326288
111/07/08,148651,39.45,39.45,38.50,38.65,+0.20,121,5804472
111/07/11,273980,38.65,39.75,38.65,39.55,+0.90,191,10742747
111/07/12,77159,38.50,39.35,38.50,39.05,-0.50,69,3005176
111/07/13,67201,39.90,39.90,39.10,39.10,+0.05,48,2648289
111/07/14,76120,39.15,39.15,38.65,39.00,-0.10,58,2967641
111/07/15,57105,38.70,38.80,38.40,38.75,-0.25,53,2202623
111/07/18,68151,38.75,39.00,38.70,39.00,+0.25,50,2645888
111/07/19,105525,39.00,39.40,38.90,39.30,+0.30,124,4137743
111/07/20,50050,39.50,39.50,39.20,39.25,-0.05,41,1968412
111/07/21,65100,39.10,39.40,39.05,39.30,+0.05,45,2554270
111/07/22,77015,39.45,39.95,39.45,39.70,+0.40,63,3061591
111/07/25,182831,39.05,39.60,38.90,39.50,-0.20,223,7169176
111/07/26,88168,39.45,39.45,38.90,38.90,-0.60,175,3440016
111/07/27,57361,38.80,39.15,38.80,39.15,+0.25,54,2235581
111/07/28,47187,39.25,39.30,38.95,39.15,0.00,50,1844451
111/07/29,111122,39.25,39.75,39.15,39.75,+0.60,96,4389593
111/08/01,120249,39.90,40.00,39.55,39.85,+0.10,54,4787197
111/08/02,55120,39.85,39.85,39.10,39.55,-0.30,51,2171530
111/08/03,32594,39.55,39.55,39.30,39.30,-0.25,30,1283061
111/08/04,74200,39.30,39.40,38.90,39.35,+0.05,72,2900650
111/08/05,92508,39.35,39.80,39.00,39.80,+0.45,66,3656280
111/08/08,134829,39.95,40.30,39.85,40.30,+0.50,116,5392993
111/08/09,315925,41.60,42.30,40.80,41.50,+1.20,363,13118624
111/08/10,695927,41.50,43.60,41.40,43.60,+2.10,484,29848236
111/08/11,977337,45.30,45.80,44.50,45.65,+2.05,703,44197950
111/08/12,454693,45.70,45.70,44.80,44.90,-0.75,421,20521447
111/08/15,270044,45.65,45.65,44.90,44.90,0.00,256,12215738
111/08/16,394188,45.30,45.70,45.00,45.25,+0.35,278,17892112
111/08/17,394068,45.40,45.40,43.20,44.00,-1.25,325,17420046
111/08/18,408793,43.80,44.45,43.50,44.40,+0.40,284,18041827
111/08/19,990467,44.50,46.20,44.45,46.20,+1.80,616,45095126
111/08/22,479735,45.80,46.20,45.50,45.50,-0.70,317,21963366
111/08/23,270402,45.35,45.75,45.00,45.40,-0.10,233,12280083
111/08/24,554259,45.90,46.90,45.30,46.70,+1.30,406,25575085
111/08/25,2891266,47.10,51.30,46.70,51.30,+4.60,1562,144245288
111/08/26,4258556,52.70,54.20,50.30,51.60,+0.30,2923,222204072
111/08/29,1168990,49.15,51.90,48.60,49.70,-1.90,772,58773132
111/08/30,1490845,50.10,51.80,50.00,50.10,+0.40,1210,75926896
111/08/31,3194110,51.00,53.70,50.90,52.00,+1.90,2638,167278640
111/09/01,6261825,52.00,57.20,51.90,57.20,+5.20,2483,351423508
111/09/02,7660783,57.20,57.50,51.50,51.70,-5.50,5660,416864371
111/09/05,2730799,50.90,51.50,47.60,48.15,-3.55,1883,134763766
111/09/06,2831432,48.75,50.70,47.95,49.75,+1.60,2119,140091797
111/09/07,1256121,48.50,50.50,48.25,49.65,-0.10,916,61759033
111/09/08,4720684,53.00,54.50,51.20,51.40,+1.75,3255,248316533
111/09/12,2177042,52.50,53.80,51.40,52.50,+1.10,1437,114263715
111/09/13,2031374,52.40,53.70,51.30,52.50,0.00,1399,106401264
111/09/14,1002449,51.40,52.30,51.10,51.70,-0.80,914,51932350
111/09/15,2496344,53.00,54.20,52.00,52.00,+0.30,1779,132427010
111/09/16,999178,51.20,51.60,50.60,51.10,-0.90,892,51064845
111/09/19,1671038,52.10,52.80,51.10,51.50,+0.40,1196,86824350
111/09/20,2051072,51.90,53.80,51.80,53.80,+2.30,1318,108242837
111/09/21,3019430,54.00,54.00,51.30,51.50,-2.30,2146,157610511
111/09/22,1317288,51.60,51.60,49.45,50.80,-0.70,992,66352201
111/09/23,1387114,50.20,50.70,47.80,48.00,-2.80,1129,68045484
111/09/26,1322918,47.00,48.00,45.50,45.55,-2.45,918,61567015
111/09/27,1503091,45.75,48.55,45.75,47.90,+2.35,1160,71089022
111/09/28,943562,47.85,47.85,45.20,45.80,-2.10,738,43628220
111/09/29,882371,46.85,48.15,46.75,47.05,+1.25,586,41877017
111/09/30,1020903,47.10,48.80,45.70,48.40,+1.35,883,48529676
111/10/03,926079,48.35,48.50,46.80,47.25,-1.15,838,44031149
111/10/04,1120112,48.00,49.20,47.90,49.15,+1.90,794,54290521
111/10/05,3508952,49.50,52.60,49.50,52.00,+2.85,2426,180782673
111/10/06,8082858,54.20,55.40,51.80,52.50,+0.50,6080,432537279
111/10/07,1536051,51.30,52.20,50.50,51.30,-1.20,1186,78567167
111/10/11,1313538,50.30,50.70,48.40,48.65,-2.65,1123,64973908
111/10/12,3431632,48.65,53.10,47.85,52.50,+3.85,2497,176207148
111/10/13,5094996,53.10,53.50,48.00,49.00,-3.50,3938,259650273
111/10/14,3222938,51.00,53.20,50.30,52.70,+3.70,2364,168056646
111/10/17,1804573,52.20,52.20,49.80,51.90,-0.80,1507,92051706
111/10/18,1722349,53.00,53.00,51.10,51.10,-0.80,1234,89648292
111/10/19,1500903,51.60,52.00,49.95,50.10,-1.00,1070,76238503
111/10/20,1092450,49.55,50.80,49.10,49.25,-0.85,760,54322779
111/10/21,878213,49.05,49.35,47.55,47.55,-1.70,732,42481364
111/10/24,1446225,48.50,49.40,45.60,46.50,-1.05,1004,68682944
111/10/25,1035066,46.60,46.80,44.65,44.90,-1.60,824,46901902
111/10/26,786189,44.65,45.15,43.40,43.40,-1.50,662,34631147
111/10/27,488758,43.80,44.55,43.65,44.30,+0.90,397,21534606
111/10/28,741873,44.15,44.15,42.30,42.40,-1.90,605,31808814
111/10/31,402994,42.90,43.85,42.70,43.25,+0.85,341,17487522
111/11/01,418445,43.30,44.35,42.85,44.05,+0.80,315,18383037
111/11/02,613375,44.10,45.55,44.10,44.95,+0.90,411,27606811
111/11/03,296345,44.15,45.30,44.15,45.20,+0.25,213,13322441
111/11/04,776411,44.80,46.60,44.80,45.65,+0.45,580,35500448
111/11/07,644253,46.20,46.50,45.70,45.75,+0.10,524,29671108
111/11/08,966661,46.40,46.70,45.55,45.55,-0.20,615,44472851
111/11/09,2091786,46.30,47.20,45.80,46.65,+1.10,1325,97666678
111/11/10,555888,46.65,47.10,46.10,46.25,-0.40,398,25795068
111/11/11,1522582,48.75,48.80,46.65,46.80,+0.55,1021,72162602
111/11/14,768939,47.50,47.80,46.85,47.00,+0.20,564,36226831
111/11/15,738985,46.90,47.75,46.90,47.25,+0.25,505,34965923
111/11/16,569225,47.60,47.60,46.85,47.05,-0.20,392,26791186
111/11/17,855301,47.05,48.25,47.05,47.80,+0.75,609,40967309
111/11/18,404540,48.20,48.70,47.70,47.70,-0.10,340,19459002
111/11/21,361541,48.20,48.20,47.35,47.35,-0.35,263,17190645
111/11/22,176834,47.50,47.60,47.25,47.45,+0.10,148,8378315
111/11/23,300156,47.65,47.80,47.25,47.35,-0.10,251,14248566
111/11/24,368996,47.50,48.20,47.45,48.00,+0.65,292,17660442
111/11/25,354652,48.00,48.25,47.45,47.45,-0.55,303,16929593
111/11/28,348683,47.25,48.25,47.20,48.15,+0.70,235,16692980
111/11/29,562495,48.20,49.40,48.00,49.05,+0.90,414,27465313
111/11/30,635344,49.20,49.60,48.40,48.95,-0.10,456,31095591
111/12/01,558469,49.55,49.90,48.75,48.90,-0.05,350,27494554
111/12/02,889838,49.05,50.60,49.05,50.40,+1.50,577,44398542
111/12/05,738739,50.80,51.50,50.10,50.20,-0.20,527,37463811
111/12/06,605501,50.00,50.20,48.80,49.00,-1.20,420,29834396
111/12/07,402248,48.70,49.30,47.75,48.20,-0.80,317,19507848
111/12/09,1462222,48.40,48.95,47.20,47.30,-2.50,1079,69991805
111/12/12,443514,47.60,47.60,46.30,46.55,-0.75,365,20702890
111/12/13,490026,46.65,47.65,46.65,47.15,+0.60,352,23093570
111/12/14,353076,47.65,47.80,47.20,47.30,+0.15,268,16732759
111/12/15,267544,47.30,48.05,47.30,47.85,+0.55,229,12769232
111/12/16,214523,47.35,47.50,47.25,47.25,-0.60,179,10162077
111/12/19,122366,47.25,47.45,47.00,47.00,-0.25,98,5774584
111/12/20,449256,47.00,47.50,45.30,45.40,-1.60,378,20825773
111/12/21,203456,46.00,46.50,45.55,46.25,+0.85,149,9354035
111/12/22,131031,46.45,46.55,46.10,46.15,-0.10,136,6063281
111/12/23,165167,45.60,46.85,45.55,46.70,+0.55,117,7657904
111/12/26,185725,46.85,46.85,46.45,46.75,+0.05,122,8678090
111/12/27,137993,46.75,47.70,46.75,47.20,+0.45,121,6528225
111/12/28,231506,47.20,47.25,45.80,45.95,-1.25,187,10739382
111/12/29,120512,45.65,46.25,45.40,46.10,+0.15,120,5506857
111/12/30,125974,46.70,46.80,46.30,46.30,+0.20,119,5867168
112/01/03,238524,46.30,47.65,46.00,47.00,+0.70,223,11197244
112/01/04,96180,46.90,47.35,46.80,46.95,-0.05,104,4527660
112/01/05,129540,47.10,47.60,47.10,47.10,+0.15,93,6122149
112/01/06,104747,47.10,47.25,47.00,47.00,-0.10,97,4928218
112/01/09,290211,47.25,47.90,47.10,47.85,+0.85,173,13791244
112/01/10,190615,47.85,47.90,47.30,47.60,-0.25,142,9075002
112/01/11,305529,47.60,48.20,47.60,47.65,+0.05,209,14642348
112/01/12,142239,47.65,47.80,47.15,47.15,-0.50,139,6752043
112/01/13,126949,47.35,47.35,46.85,46.90,-0.25,122,5977972
112/01/16,207522,46.90,47.10,46.75,46.80,-0.10,134,9733274
112/01/17,112631,46.80,47.60,46.80,47.30,+0.50,92,5307764
112/01/30,349203,47.95,48.45,47.40,48.45,+1.15,257,16775150
112/01/31,307437,48.45,48.70,48.15,48.25,-0.20,220,14892402
112/02/01,236158,48.75,48.90,48.50,48.70,+0.45,242,11502073
112/02/02,287000,49.30,49.30,48.80,49.15,+0.45,251,14077309
112/02/03,248186,49.20,49.35,48.65,48.85,-0.30,219,12151930
112/02/06,624883,49.00,49.90,48.85,49.00,+0.15,447,30788831
112/02/07,420822,49.45,49.70,48.80,49.65,+0.65,291,20761268
112/02/08,353591,49.75,50.10,49.60,49.75,+0.10,257,17602135
112/02/09,437869,49.75,50.20,49.65,50.10,+0.35,341,21887925
112/02/10,981936,49.00,49.00,48.20,48.35,-1.75,678,47704534
112/02/13,132938,48.35,48.50,48.20,48.50,+0.15,126,6425613
112/02/14,643905,48.80,49.60,48.80,49.30,+0.80,366,31680099
112/02/15,165210,49.00,49.35,48.85,49.35,+0.05,157,8107842
112/02/16,165561,49.35,49.70,49.35,49.55,+0.20,124,8203204
112/02/17,152902,49.50,49.70,49.30,49.60,+0.05,117,7569630
112/02/20,662090,49.80,50.60,49.80,50.20,+0.60,402,33283099
112/02/21,2070511,52.50,55.20,52.10,55.20,+5.00,1160,112746259
112/02/22,9710340,56.10,58.90,55.70,57.00,+1.80,6498,553794597
112/02/23,5106522,57.20,60.80,57.00,58.40,+1.40,3565,298459269
112/02/24,5906526,58.50,63.00,58.50,60.80,+2.40,3984,360004506
112/03/01,1873246,61.70,61.80,59.50,60.60,-0.20,1352,113335569
112/03/02,1383871,60.30,62.70,60.30,60.90,+0.30,1055,85070517
112/03/03,1005601,61.20,62.10,60.70,61.70,+0.80,761,61913232
112/03/06,865924,62.70,63.50,61.50,61.60,-0.10,751,53720752
112/03/07,1969811,61.70,62.40,59.20,59.30,-2.30,1317,118723781
112/03/08,904959,59.50,61.20,59.50,61.20,+1.90,667,54816260
112/03/09,1773097,61.00,61.50,59.40,59.60,-1.60,1242,107093075
112/03/10,795582,59.00,59.40,58.30,58.30,-1.30,628,46756710
112/03/13,1228700,58.30,58.80,56.40,58.30,0.00,1023,70417461
112/03/14,2627961,60.40,61.30,58.80,59.60,+1.30,2124,157753199
112/03/15,1308099,60.10,61.00,58.60,58.60,-1.00,1128,78389389
112/03/16,747876,58.10,59.10,57.40,58.80,+0.20,722,43503292
112/03/17,557350,59.40,60.10,58.70,59.60,+0.80,553,33110716
112/03/20,640870,59.10,60.80,58.70,60.50,+0.90,614,38500205
112/03/21,571166,60.60,61.40,59.80,60.40,-0.10,707,34539268
112/03/22,1048823,61.00,61.90,60.20,60.50,+0.10,761,64010510
112/03/23,2001695,61.00,62.90,60.30,62.10,+1.60,1516,123706671
112/03/24,890102,62.50,62.50,61.10,61.30,-0.80,691,54806805
112/03/27,815892,61.20,61.60,60.00,60.50,-0.80,647,49335732
112/03/28,1032070,60.60,60.60,58.60,58.80,-1.70,769,61122301
112/03/29,433912,58.60,59.60,58.40,58.60,-0.20,353,25559527
112/03/30,281758,58.90,59.60,58.40,59.40,+0.80,221,16669033
112/03/31,455151,59.40,60.70,59.20,60.60,+1.20,306,27289224
112/04/06,213542,60.60,60.70,59.60,59.90,-0.70,193,12816763
112/04/07,245898,60.00,60.60,59.70,60.10,+0.20,166,14760685
112/04/10,1013019,60.00,62.90,60.00,62.90,+2.80,672,62254338
112/04/11,1995899,63.80,64.60,60.20,60.30,-2.60,1474,122431703
112/04/12,1241017,60.60,62.80,60.30,62.30,+2.00,912,76917568
112/04/13,712665,61.90,63.00,61.30,62.60,+0.30,572,44395322
112/04/14,803004,62.90,63.80,62.10,63.10,+0.50,601,50538551
112/04/17,1969489,64.30,66.50,63.20,66.50,+3.40,1552,128569443
112/04/18,1191347,67.10,67.50,64.60,66.00,-0.50,1073,78645089
112/04/19,1361393,66.60,68.60,66.20,66.30,+0.30,1078,91758169
112/04/20,1465863,66.80,66.80,63.20,64.00,-2.30,1183,94320865
112/04/21,831421,64.50,64.80,62.30,63.20,-0.80,607,52590171
112/04/24,378886,62.50,64.80,62.50,64.00,+0.80,296,24334338
112/04/25,808347,64.70,64.70,61.30,61.30,-2.70,557,50334762
112/04/26,541131,59.50,61.20,59.40,60.80,-0.50,389,32596370
112/04/27,361746,61.00,61.20,59.60,60.40,-0.40,286,21880901
112/04/28,338828,61.50,62.70,60.80,62.20,+1.80,261,20942058
112/05/02,443916,63.00,64.40,62.60,63.80,+1.60,380,28266073
112/05/03,161710,63.30,64.00,62.80,63.40,-0.40,147,10255155
112/05/04,155961,63.50,64.10,62.90,63.80,+0.40,141,9902447
112/05/05,226378,63.60,63.60,62.20,62.50,-1.30,238,14221810
112/05/08,175606,63.00,63.60,62.60,63.40,+0.90,180,11076323
112/05/09,5394532,65.80,69.70,65.20,69.70,+6.30,3577,367208883
112/05/10,10484901,69.10,75.20,68.00,72.80,+3.10,7374,751216640
112/05/11,7443108,71.50,76.10,71.50,71.90,-0.90,5263,550479061
112/05/12,5021214,70.10,70.70,64.80,65.70,-6.20,3452,331867494
112/05/15,1447802,65.70,66.60,63.80,63.90,-1.80,1493,93959508
112/05/16,747563,64.60,65.30,64.30,64.50,+0.60,603,48449348
112/05/17,3637322,67.00,69.80,66.10,68.60,+4.10,2625,247929367
112/05/18,2092359,69.50,71.40,67.30,67.70,-0.90,1658,144793640
112/05/19,1083009,68.90,68.90,66.00,66.30,-1.40,880,72464142
112/05/22,1009620,66.00,67.70,65.50,67.20,+0.90,805,67273106
112/05/23,751313,67.20,68.40,66.10,67.50,+0.30,606,50744901
112/05/24,486120,67.40,67.60,66.50,66.70,-0.80,521,32510985
112/05/25,475266,67.20,67.40,66.20,67.30,+0.60,372,31776345
112/05/26,964312,67.80,68.00,65.60,65.60,-1.70,814,64044354
112/05/29,927677,66.70,68.60,66.50,68.60,+3.00,744,62929758
112/05/30,687260,68.80,69.30,67.50,69.00,+0.40,840,47022382
112/05/31,1210590,69.80,70.40,68.70,69.10,+0.10,1088,84140557
112/06/01,661285,69.10,70.00,68.30,69.50,+0.40,684,45827710
112/06/02,2359520,71.00,74.00,69.80,70.30,+0.80,1882,169459155
112/06/05,775449,70.60,72.10,69.90,71.20,+0.90,724,55156332
112/06/06,674507,71.50,71.50,69.60,70.50,-0.70,684,47330844
112/06/07,1868074,71.00,74.10,71.00,74.10,+3.60,1299,136117924
112/06/08,2028997,74.10,75.70,72.50,73.80,-0.30,1958,150307194
112/06/09,1915229,73.80,73.80,71.00,71.30,-2.50,2034,138093504
112/06/12,813231,71.30,72.30,70.80,70.80,-0.50,769,58045701
112/06/13,451873,71.60,72.20,71.00,71.60,+0.80,403,32383420
112/06/14,422617,71.60,72.20,71.00,71.70,+0.10,375,30303913
112/06/15,440544,72.30,72.70,71.50,72.10,+0.40,378,31788441
112/06/16,709028,72.70,72.70,70.60,71.80,-0.30,595,50763771
112/06/19,475017,72.00,73.40,71.60,72.30,+0.50,469,34531875
112/06/20,531146,72.60,72.60,71.10,71.20,-1.10,494,37999520
112/06/21,350966,72.10,72.10,70.80,71.60,+0.40,269,25075256
112/06/26,323877,71.60,71.60,70.20,70.80,-0.80,308,22915319
112/06/27,935780,70.30,71.40,68.50,68.70,-2.10,882,65029260
112/06/28,747183,69.50,71.50,69.40,71.40,+2.70,526,52874941
112/06/29,578942,67.60,69.50,67.60,68.90,,502,39689755
112/06/30,484729,69.00,70.20,68.20,69.70,+0.80,372,33632211
112/07/03,460593,70.50,70.90,69.30,70.50,+0.80,392,32303541
112/07/04,297235,71.20,71.20,69.30,70.10,-0.40,381,20815084
112/07/05,278830,70.20,71.00,69.80,70.00,-0.10,244,19613218
112/07/06,420306,70.10,70.20,68.30,68.70,-1.30,530,29058977
112/07/07,489175,67.80,68.10,66.50,67.00,-1.70,460,32916047
112/07/10,369811,68.20,68.20,66.00,66.40,-0.60,383,24572823
112/07/11,299266,66.60,67.30,66.50,66.50,+0.10,332,19999892
112/07/12,502963,67.00,67.00,65.40,65.50,-1.00,488,33103279
112/07/13,389989,66.00,68.00,66.00,66.50,+1.00,325,26181498
112/07/14,381170,66.80,68.50,66.20,68.50,+2.00,422,25779743
112/07/17,1223688,69.40,72.70,68.00,71.70,+3.20,1000,87147411
112/07/18,809229,72.20,73.10,68.70,69.00,-2.70,1020,57167065
112/07/19,413294,71.00,71.00,68.00,69.80,+0.80,386,28556885
112/07/20,312953,69.90,70.50,68.50,68.90,-0.90,299,21633728
112/07/21,910096,68.90,72.50,68.20,71.50,+2.60,798,64329090
112/07/24,463161,72.20,72.20,69.30,71.00,-0.50,527,32707249
112/07/25,563227,71.50,72.20,70.70,71.10,+0.10,517,40379672
112/07/26,455304,71.20,71.20,69.00,69.30,-1.80,733,31694949
112/07/27,439919,69.30,69.60,67.80,68.40,-0.90,475,30163607
112/07/28,330158,68.20,68.20,67.00,67.60,-0.80,356,22264814
112/07/31,692440,68.30,70.30,67.30,68.60,+1.00,603,47709602
112/08/01,497675,70.00,70.00,66.60,67.10,-1.50,632,33560450
112/08/02,761998,66.80,66.80,64.60,64.80,-2.30,774,49888886
112/08/04,317841,64.80,64.80,62.50,64.20,-0.60,341,20170545
112/08/07,197398,64.10,65.70,63.10,65.00,+0.80,179,12751706
112/08/08,230320,65.00,65.00,63.60,63.70,-1.30,209,14739691
112/08/09,215109,64.10,64.30,62.60,62.70,-1.00,253,13562030
112/08/10,335459,62.50,62.50,60.60,60.80,-1.90,395,20480038
112/08/11,532986,60.60,60.60,58.50,58.50,-2.30,591,31505703
112/08/14,313340,57.90,58.00,56.50,57.10,-1.40,335,17934353
112/08/15,151712,56.40,58.30,56.40,57.50,+0.40,130,8734617
112/08/16,207974,57.00,58.00,55.80,57.90,+0.40,213,11888162
112/08/17,173939,58.40,59.10,57.10,59.00,+1.10,190,10128940
112/08/18,416527,59.00,61.00,58.50,59.20,+0.20,514,24834908
112/08/21,126224,59.30,59.80,59.10,59.60,+0.40,152,7513239
112/08/22,173425,60.50,60.50,58.60,58.60,-1.00,237,10258986
112/08/23,103437,59.00,59.20,58.50,58.70,+0.10,144,6079510
112/08/24,150780,59.00,59.60,58.50,58.60,-0.10,169,8891175
112/08/25,81390,58.30,59.00,58.30,58.70,+0.10,89,4775056
112/08/28,251959,58.70,58.80,56.80,57.00,-1.70,327,14486839
112/08/29,96103,57.40,57.40,56.70,57.00,0.00,118,5473881
112/08/30,229901,57.20,58.50,57.00,57.40,+0.40,220,13251577
112/08/31,149820,58.10,59.00,58.00,58.40,+1.00,178,8764795
112/09/01,82603,58.50,59.00,58.30,58.70,+0.30,86,4845122
112/09/04,142774,58.80,59.30,58.00,58.10,-0.60,152,8350089
112/09/05,115031,58.10,58.80,58.00,58.60,+0.50,108,6716449
112/09/06,104903,58.80,59.20,58.60,58.70,+0.10,132,6178263
112/09/07,97199,58.70,59.20,58.30,58.30,-0.40,132,5710474
112/09/08,103765,58.30,58.30,57.50,57.50,-0.80,122,5992180
112/09/11,545450,56.80,56.80,53.70,54.00,-3.50,674,29958383
112/09/12,173254,54.00,54.30,53.70,54.30,+0.30,197,9368968
112/09/13,108556,54.30,55.60,54.30,55.40,+1.10,120,5986469
112/09/14,105362,55.50,55.90,55.00,55.70,+0.30,110,5845582
112/09/15,95817,56.00,56.20,55.10,55.40,-0.30,140,5324350
112/09/18,84775,55.00,55.10,54.70,54.90,-0.50,129,4654159
112/09/19,95675,55.40,55.40,54.40,54.80,-0.10,152,5232909
112/09/20,108990,54.60,55.10,54.30,54.30,-0.50,110,5946939
112/09/21,180427,54.10,54.20,53.60,53.90,-0.40,183,9727577
112/09/22,43171,53.60,54.70,53.60,54.70,+0.80,70,2342295
112/09/25,38228,54.60,55.00,54.60,54.80,+0.10,93,2091937
112/09/26,63423,54.70,54.90,54.00,54.00,-0.80,132,3453294
112/09/27,49493,54.10,54.50,54.00,54.20,+0.20,69,2682058
112/09/28,77226,54.20,54.60,54.00,54.40,+0.20,75,4190167
112/10/02,123418,54.40,55.20,54.30,55.10,+0.70,137,6747668
112/10/03,60002,54.60,54.80,54.40,54.40,-0.70,81,3275331
112/10/04,54885,54.00,54.00,53.70,54.00,-0.40,106,2958835
112/10/05,634367,54.00,59.20,53.90,58.50,+4.50,566,36798541
112/10/06,1539093,59.90,63.00,59.90,60.00,+1.50,1370,93748493
112/10/11,539402,58.60,58.80,54.10,54.20,-5.80,591,30385326
112/10/13,95239,54.30,54.60,53.90,54.20,-0.10,113,5165490
112/10/16,111322,54.20,54.20,53.60,53.60,-0.60,145,5985916
112/10/17,118600,54.00,54.00,53.40,53.40,-0.20,136,6359049
112/10/18,212186,53.50,53.50,51.80,52.20,-1.20,240,11122487
112/10/19,109439,52.20,52.40,51.70,52.00,-0.20,133,5694374
112/10/20,138907,52.10,52.10,50.70,51.00,-1.00,190,7096779
112/10/23,85297,51.00,51.60,50.80,51.10,+0.10,86,4362163
112/10/24,72236,51.10,51.60,51.10,51.30,+0.20,88,3703634
112/10/25,84160,51.30,52.00,51.30,51.80,+0.50,79,4356729
112/10/26,71625,51.80,51.80,51.30,51.30,-0.50,104,3687087
112/10/27,52100,51.80,51.80,51.10,51.10,-0.20,47,2671800
112/10/30,46100,51.60,51.60,50.90,50.90,-0.20,78,2354624
112/10/31,174126,51.20,51.20,49.70,49.70,-1.20,210,8798295
112/11/01,96755,50.00,50.00,49.00,49.45,-0.25,142,4776522
112/11/02,81530,49.75,50.50,49.75,50.00,+0.55,85,4095136
112/11/03,75826,50.10,50.80,50.10,50.30,+0.30,92,3828790
112/11/06,108476,50.80,51.50,50.60,51.10,+0.80,109,5539270
112/11/07,77392,51.50,51.60,50.40,50.80,-0.30,179,3928089
112/11/08,110173,50.80,51.20,50.20,50.90,+0.10,111,5588694
112/11/09,34373,51.00,51.00,50.70,50.70,-0.20,40,1746640
112/11/10,279802,50.50,50.70,49.40,49.65,-1.05,355,13936880
112/11/13,177505,49.70,49.80,49.00,49.60,-0.05,177,8771722
112/11/14,35623,49.60,50.30,49.60,50.30,+0.70,43,1778903
112/11/15,111029,50.30,50.80,50.30,50.40,+0.10,125,5614482
112/11/16,49971,50.30,50.70,50.30,50.50,+0.10,68,2522682
112/11/17,83651,50.50,51.00,50.50,51.00,+0.50,89,4250880
112/11/20,61719,50.60,51.40,50.60,51.40,+0.40,80,3159166
112/11/21,165672,51.40,52.60,51.40,52.50,+1.10,162,8592142
112/11/22,88956,52.50,52.50,52.00,52.00,-0.50,176,4634444
112/11/23,151425,51.90,52.20,50.90,51.40,-0.60,181,7811266
112/11/24,46932,51.40,51.70,51.40,51.70,+0.30,53,2423863
112/11/27,121154,51.70,53.90,51.40,52.20,+0.50,144,6337278
112/11/28,29403,52.10,52.60,52.10,52.40,+0.20,58,1538821
112/11/29,53194,52.20,52.40,52.00,52.30,-0.10,67,2775615
112/11/30,105555,52.30,52.30,51.50,52.10,-0.20,85,5476326
112/12/01,111086,52.30,53.60,52.30,53.20,+1.10,141,5906302
112/12/04,95731,53.90,54.00,53.10,53.20,0.00,160,5118270
112/12/05,72142,53.20,53.20,52.30,52.50,-0.70,88,3788346
112/12/06,64634,52.50,53.40,52.50,52.90,+0.40,68,3425586
112/12/07,48500,52.80,53.00,52.60,52.90,0.00,59,2560510
112/12/08,70106,52.90,53.10,52.50,52.60,-0.30,80,3707128
112/12/11,63592,52.80,53.20,52.60,52.80,+0.20,74,3359345
112/12/12,49749,52.80,52.90,52.60,52.60,-0.20,55,2621810
112/12/13,66037,52.60,52.80,52.40,52.60,0.00,84,3467864
112/12/14,79638,52.50,53.40,52.50,52.70,+0.10,124,4222574
112/12/15,69202,52.80,53.00,52.60,52.70,0.00,80,3653567
112/12/18,76479,52.70,52.70,52.30,52.40,-0.30,117,4011550
112/12/19,124912,52.20,52.20,51.20,51.60,-0.80,158,6450192
112/12/20,60505,51.70,52.20,51.50,52.20,+0.60,88,3136147
112/12/21,63380,52.10,52.10,51.70,51.80,-0.40,55,3283579
112/12/22,51591,51.80,52.10,51.60,51.60,-0.20,72,2670235
112/12/25,64695,51.60,52.00,51.40,51.60,0.00,69,3342110
112/12/26,37894,51.60,51.80,51.60,51.80,+0.20,81,1961515
112/12/27,60592,51.80,52.10,51.70,52.10,+0.30,86,3148527
112/12/28,51518,51.90,52.20,51.90,52.00,-0.10,56,2678294
112/12/29,22429,52.00,52.00,51.80,52.00,0.00,38,1165250
113/01/02,53011,52.00,52.30,52.00,52.10,+0.10,57,2762581
113/01/03,51879,51.90,52.20,51.90,51.90,-0.20,62,2698678
113/01/04,56506,52.00,52.10,51.60,52.00,+0.10,61,2929258
113/01/05,35257,52.10,52.10,51.70,51.90,-0.10,44,1828617
113/01/08,36554,51.90,52.00,51.80,51.80,-0.10,38,1897825
113/01/09,99347,51.80,51.80,51.30,51.30,-0.50,114,5116324
113/01/10,32635,51.20,51.30,51.10,51.20,-0.10,35,1672320
113/01/11,55261,51.20,51.40,51.00,51.20,0.00,51,2829520
113/01/12,52426,51.20,51.20,51.00,51.00,-0.20,79,2677922
113/01/15,47818,51.00,51.20,50.90,51.10,+0.10,48,2440100
113/01/16,56102,51.10,51.10,50.90,51.00,-0.10,79,2860167
113/01/17,103994,50.80,50.90,50.20,50.20,-0.80,89,5258798
113/01/18,35000,50.30,50.70,50.30,50.50,+0.30,25,1767000
113/01/19,34000,50.60,50.70,50.50,50.50,0.00,27,1719900
113/01/22,24910,50.60,50.80,50.60,50.80,+0.30,43,1263452
113/01/23,19713,51.10,51.10,50.70,50.80,0.00,38,1002526
113/01/24,35575,50.80,51.00,50.80,51.00,+0.20,53,1812030
113/01/25,25196,50.80,50.90,50.70,50.80,-0.20,45,1281246
113/01/26,32820,50.90,50.90,50.50,50.70,-0.10,45,1667031
113/01/29,48440,50.80,51.20,50.80,51.10,+0.40,59,2470772
113/01/30,41287,51.10,51.10,50.80,50.80,-0.30,42,2103081
113/01/31,27329,50.90,51.00,50.80,50.80,0.00,38,1391996
113/02/01,50560,50.80,51.10,50.80,51.00,+0.20,48,2577222
113/02/02,34412,51.00,51.00,50.70,50.80,-0.20,52,1749433
113/02/05,38864,50.60,50.70,50.50,50.50,-0.30,87,1965813
113/02/15,59755,50.60,50.80,50.30,50.30,-0.20,67,3016907
113/02/16,73500,50.30,50.70,50.20,50.70,+0.40,74,3714401
113/02/19,151800,50.80,52.80,50.80,52.60,+1.90,152,7843691
113/02/20,70981,52.60,52.60,52.00,52.10,-0.50,144,3707603
113/02/21,86402,52.10,53.10,52.10,53.10,+1.00,127,4561480
113/02/22,77607,53.50,53.70,53.10,53.30,+0.20,244,4132724
113/02/23,87987,53.30,53.70,53.10,53.10,-0.20,126,4688433
113/02/26,95751,53.50,53.50,52.80,53.00,-0.10,84,5085186
113/02/27,123048,53.30,53.70,52.60,53.10,+0.10,115,6512799
113/02/29,82850,53.40,53.50,53.30,53.40,+0.30,86,4426420
113/03/01,74542,53.10,53.20,52.80,52.80,-0.60,89,3949424
113/03/04,61849,52.60,52.60,52.50,52.60,-0.20,87,3248463
113/03/05,115518,52.50,52.50,52.10,52.40,-0.20,179,6034091
113/03/06,64225,52.40,53.00,52.40,52.90,+0.50,65,3394483
113/03/07,95996,52.70,52.80,52.00,52.50,-0.40,101,5031067
113/03/08,166728,52.40,52.50,51.40,51.70,-0.80,156,8669290
113/03/11,23354,51.70,51.80,51.30,51.80,+0.10,31,1206446
113/03/12,64334,51.90,52.40,51.60,52.40,+0.60,54,3341171
113/03/13,50021,52.40,52.40,51.90,52.10,-0.30,59,2610889
113/03/14,35217,52.50,52.50,51.80,51.80,-0.30,40,1829428
113/03/15,34340,52.10,52.10,51.50,51.60,-0.20,43,1774019
113/03/18,26436,51.70,52.40,51.70,52.30,+0.70,48,1378523
113/03/19,51444,51.70,52.30,51.70,52.00,-0.30,120,2678726
113/03/20,1632166,52.30,57.20,51.90,53.20,+1.20,1123,91113904
113/03/21,176588,53.60,53.90,52.50,53.30,+0.10,180,9415288
113/03/22,54107,53.30,53.30,52.80,52.90,-0.40,100,2863791
113/03/25,55353,52.90,53.50,52.80,53.30,+0.40,60,2941298
113/03/26,66253,53.30,53.40,52.80,53.20,-0.10,69,3516924
113/03/27,69888,53.20,53.30,52.90,53.00,-0.20,68,3713761
113/03/28,75959,53.10,53.70,53.00,53.70,+0.70,78,4049097
113/03/29,119916,53.80,54.00,52.80,53.10,-0.60,119,6410617
113/04/01,41001,53.90,53.90,53.10,53.40,+0.30,49,2190765
113/04/02,40892,53.70,53.70,53.40,53.50,+0.10,49,2192868
113/04/03,60156,53.10,53.40,53.00,53.20,-0.30,56,3195122
