群益NBI生技,	00678
日期,成交股數,開盤價,最高價,最低價,收盤價,漲跌價差,成交筆數,成交金額
107/06/01,320000,21.46,21.53,21.46,21.52,0.01,13,6885580
107/06/04,458138,21.67,21.74,21.66,21.71,0.19,38,9947314
107/06/05,302162,21.58,21.58,21.53,21.53,0.18,12,6517599
107/06/06,336000,21.53,21.58,21.53,21.58,0.05,18,7246900
107/06/07,386010,21.75,21.80,21.75,21.80,0.22,32,8408978
107/06/08,326175,21.63,21.67,21.63,21.67,0.13,24,7064690
107/06/11,518000,21.64,21.77,21.63,21.76,0.09,22,11274190
107/06/12,523000,21.74,21.77,21.72,21.76,,24,11378020
107/06/13,1430000,21.81,22.00,21.81,21.98,0.22,71,31359020
107/06/14,451000,21.98,21.98,21.90,21.93,0.05,28,9880690
107/06/15,462000,22.00,22.21,22.00,22.20,0.27,44,10248240
107/06/19,422000,22.20,22.20,21.90,21.99,0.21,31,9278160
107/06/20,669000,22.28,22.56,22.28,22.54,0.55,97,15082620
107/06/21,496000,22.65,22.73,22.65,22.72,0.18,55,11262290
107/06/22,314000,22.64,22.68,22.45,22.45,0.27,34,7058890
107/06/25,323500,22.45,22.60,22.45,22.55,0.10,33,7307864
107/06/26,403000,22.26,22.29,22.25,22.29,0.26,37,8971870
107/06/27,360629,22.30,22.30,22.18,22.19,0.10,29,8016504
107/06/28,335001,21.73,21.94,21.73,21.94,0.25,29,7346011
107/06/29,281000,21.94,22.10,21.94,22.04,0.10,25,6199330
107/07/02,434000,22.27,22.27,22.16,22.16,0.12,24,9652180
107/07/03,371133,22.28,22.52,22.28,22.44,0.28,53,8348331
107/07/04,331100,22.52,22.52,22.46,22.51,0.07,29,7454616
107/07/05,467088,22.56,22.58,22.50,22.51,,28,10526761
107/07/06,479087,22.74,22.91,22.74,22.89,0.38,56,10957941
107/07/09,371000,23.64,23.68,23.53,23.60,0.71,59,8752570
107/07/10,756200,23.66,23.75,23.62,23.67,0.07,69,17917297
107/07/11,535000,23.56,23.56,23.49,23.49,0.18,31,12584230
107/07/12,932560,23.61,23.82,23.61,23.73,0.24,56,22139804
107/07/13,2356546,24.15,24.29,24.14,24.24,0.51,636,57087606
107/07/16,1378175,24.24,24.26,24.12,24.12,0.12,162,33316297
107/07/17,807311,24.09,24.09,23.75,23.80,0.32,142,19222442
107/07/18,712300,23.94,24.07,23.94,24.04,0.24,66,17127580
107/07/19,682100,24.07,24.10,24.05,24.07,0.03,63,16431147
107/07/20,670000,24.16,24.18,24.09,24.12,0.05,67,16186450
107/07/23,704100,24.01,24.05,23.99,24.00,0.12,60,16901192
107/07/24,1293150,24.04,24.23,24.01,24.20,0.20,84,31283284
107/07/25,2431100,24.10,24.10,24.02,24.03,0.17,79,58447560
107/07/26,787000,24.17,24.21,24.00,24.08,0.05,205,18977470
107/07/27,697207,24.08,24.09,24.04,24.08,,73,16787528
107/07/30,745000,24.07,24.07,23.41,23.49,0.59,133,17488950
107/07/31,762000,23.38,23.39,23.33,23.34,0.15,91,17789520
107/08/01,421000,23.76,23.76,23.66,23.66,0.32,63,9980010
107/08/02,481150,23.75,23.86,23.75,23.77,0.11,74,11453025
107/08/03,486603,23.91,24.15,23.91,24.12,0.35,106,11734833
107/08/06,422000,24.12,24.13,23.89,23.89,0.23,82,10101730
107/08/07,372000,23.89,23.89,23.85,23.85,0.04,38,8882560
107/08/08,357000,24.06,24.09,24.06,24.06,0.21,41,8591670
107/08/09,351208,23.97,23.99,23.89,23.93,0.13,42,8421967
107/08/10,330000,23.95,23.95,23.86,23.88,0.05,29,7888630
107/08/13,465043,23.85,23.85,23.80,23.80,0.08,47,11074832
107/08/14,371500,23.90,23.95,23.90,23.90,0.10,165,8885500
107/08/15,728000,23.91,24.03,23.91,24.01,0.11,187,17460870
107/08/16,347000,23.66,23.78,23.60,23.75,0.26,38,8230180
107/08/17,469125,23.79,23.87,23.79,23.80,0.05,257,11174266
107/08/20,318000,23.77,23.79,23.76,23.79,0.01,23,7558910
107/08/21,368000,23.79,23.79,23.65,23.77,0.02,52,8725790
107/08/22,338000,23.83,23.89,23.83,23.84,0.07,34,8070330
107/08/23,418100,24.01,24.10,24.01,24.09,0.25,60,10066685
107/08/24,331208,24.09,24.09,24.01,24.06,0.03,33,7964122
107/08/27,333244,24.09,24.09,24.05,24.08,0.02,32,8025350
107/08/28,405728,24.20,24.40,24.20,24.35,0.27,90,9886013
107/08/29,184187,24.44,24.50,24.44,24.50,0.15,51,4510781
107/08/30,357065,24.56,24.79,24.56,24.76,0.26,70,8836839
107/08/31,552000,24.77,24.96,24.77,24.95,0.19,87,13751470
107/09/03,382000,25.00,25.04,24.98,24.98,0.03,55,9552990
107/09/04,377000,24.98,25.00,24.98,25.00,0.02,47,9421380
107/09/05,423000,24.98,24.98,24.70,24.73,0.27,63,10470070
107/09/06,352302,24.68,24.71,24.62,24.66,0.07,40,8696065
107/09/07,384000,24.40,24.40,24.14,24.20,0.46,60,9289220
107/09/10,355103,24.50,24.50,24.20,24.23,0.03,44,8604735
107/09/11,348000,24.26,24.30,24.23,24.25,0.02,26,8449190
107/09/12,385000,24.25,24.25,24.15,24.15,0.10,28,9310880
107/09/13,378202,24.16,24.16,24.06,24.06,0.09,51,9112188
107/09/14,507000,24.32,24.40,24.25,24.40,0.34,56,12342790
107/09/17,326000,24.37,24.37,24.16,24.22,0.18,32,7891610
107/09/18,341000,24.08,24.08,23.80,23.88,0.34,57,8138220
107/09/19,156000,23.95,24.14,23.95,24.14,0.26,24,3761840
107/09/20,403000,24.17,24.21,24.15,24.17,0.03,42,9746840
107/09/21,274240,24.45,24.62,24.45,24.61,0.44,65,6734655
107/09/25,573000,24.60,24.84,24.43,24.44,0.17,71,14103290
107/09/26,526000,24.45,24.60,24.45,24.58,0.14,39,12928250
107/09/27,454007,24.65,24.72,24.53,24.60,0.02,52,11140632
107/09/28,541000,24.70,24.79,24.68,24.78,0.18,69,13393010
107/10/01,372000,24.80,24.89,24.77,24.88,0.10,36,9251210
107/10/02,418125,24.79,24.79,24.48,24.58,0.30,54,10284518
107/10/03,357000,24.54,24.59,24.26,24.55,0.03,28,8769490
107/10/04,343000,24.66,24.72,24.64,24.68,0.13,34,8466090
107/10/05,154075,24.18,24.23,24.11,24.23,0.45,45,3727202
107/10/08,472000,24.11,24.11,23.97,24.00,0.23,42,11321010
107/10/09,322000,23.95,23.95,23.82,23.85,0.15,29,7691880
107/10/11,499100,22.60,23.08,22.60,22.84,1.01,66,11373504
107/10/12,401360,22.80,22.99,22.80,22.98,0.14,56,9209182
107/10/15,319000,23.10,23.10,22.80,22.85,0.13,24,7289110
107/10/16,373000,22.77,22.79,22.67,22.70,0.15,57,8464360
107/10/17,350010,23.51,23.51,23.41,23.43,0.73,42,8204779
107/10/18,360240,23.50,23.55,23.30,23.50,0.07,31,8456517
107/10/19,333000,23.30,23.30,23.18,23.23,0.27,35,7729520
107/10/22,383000,23.10,23.10,22.72,22.83,0.40,58,8727050
107/10/23,92000,22.77,22.77,22.28,22.30,0.53,66,2056760
107/10/24,435000,22.27,22.40,22.23,22.35,0.05,39,9720880
107/10/25,488000,21.29,21.29,21.00,21.05,1.30,87,10280300
107/10/26,340000,21.25,21.30,21.05,21.16,0.11,37,7180360
107/10/29,335000,21.16,21.60,21.16,21.55,0.39,29,7181650
107/10/30,101000,21.29,21.30,21.10,21.23,0.32,18,2142080
107/10/31,546300,21.30,21.45,21.21,21.25,0.02,55,11605944
107/11/01,471000,21.43,21.43,21.31,21.37,0.12,45,10070190
107/11/02,326000,21.84,22.20,21.84,22.11,0.74,67,7183350
107/11/08,460000,22.62,22.66,22.52,22.66,0.50,49,10402850
107/11/09,412000,22.45,22.45,22.38,22.42,0.24,30,9244520
107/11/12,312000,22.36,22.36,22.00,22.10,0.32,19,6905830
107/11/16,438000,21.30,21.44,21.30,21.42,0.12,32,9376600
107/11/19,38000,21.42,21.42,21.40,21.41,0.01,19,813610
107/11/20,612000,21.30,21.30,21.11,21.11,0.30,58,12937050
107/11/21,342000,21.11,21.13,21.01,21.09,0.02,35,7210520
107/11/22,318000,21.09,21.29,21.09,21.28,0.19,23,6741920
107/11/23,335400,21.28,21.29,21.11,21.11,0.17,38,7090065
107/11/26,326000,21.12,21.29,21.12,21.25,0.14,15,6927640
107/11/27,375000,21.39,21.49,21.35,21.47,0.22,29,8050750
107/11/28,319000,21.36,21.54,21.36,21.53,0.06,24,6858930
107/11/29,390000,21.90,21.99,21.73,21.85,0.32,38,8537880
107/11/30,469152,21.92,22.04,21.90,22.04,0.19,36,10323077
107/12/03,375000,22.50,22.58,22.50,22.54,0.50,43,8459400
107/12/04,412000,22.54,22.54,22.32,22.35,0.19,31,9204200
107/12/05,262000,21.74,21.90,21.74,21.89,0.46,21,5723040
107/12/06,345100,21.71,21.71,21.50,21.61,0.28,31,7454220
107/12/07,321000,21.86,21.87,21.81,21.86,0.25,13,7016210
107/12/10,364000,21.21,21.23,21.12,21.16,0.70,45,7700290
107/12/11,318000,21.17,21.35,21.17,21.33,0.17,13,6780630
107/12/12,340000,21.33,21.52,21.33,21.48,0.15,20,7298640
107/12/13,316000,21.51,21.71,21.51,21.68,0.20,18,6839680
107/12/14,382000,21.37,21.37,21.16,21.18,0.50,46,8096670
107/12/17,358000,21.03,21.09,20.89,21.02,0.16,31,7537330
107/12/18,406000,20.85,20.96,20.65,20.71,0.31,65,8411560
107/12/19,461100,20.65,20.65,20.27,20.41,0.30,62,9387242
107/12/20,352000,20.25,20.25,20.13,20.17,0.24,34,7108080
107/12/21,110000,20.10,20.17,20.00,20.02,0.15,61,2202210
107/12/22,80000,20.00,20.00,19.47,19.60,0.42,49,1569110
107/12/24,365000,19.60,19.60,19.30,19.60,,50,7133960
107/12/25,64000,19.60,19.76,19.50,19.50,0.10,36,1253010
107/12/26,67000,19.51,19.72,19.20,19.26,0.24,56,1308770
107/12/27,285000,19.80,19.82,19.40,19.54,0.28,69,5550470
107/12/28,961000,19.44,19.51,19.40,19.51,0.03,38,18715070
108/01/02,417000,19.51,19.70,19.41,19.43,0.08,52,8112800
108/01/03,402141,19.55,19.55,19.47,19.47,0.04,38,7848732
108/01/04,495000,19.70,19.92,19.70,19.88,0.41,64,9826390
108/01/07,436000,20.84,20.90,20.75,20.78,0.90,83,9058680
108/01/08,667000,21.08,21.73,21.08,21.70,0.92,122,14436430
108/01/09,412000,21.76,21.88,21.76,21.88,0.18,56,9007290
108/01/10,487000,21.88,21.88,21.73,21.73,0.15,46,10597310
108/01/11,153000,22.07,22.13,22.00,22.10,0.37,65,3380870
108/01/14,363045,22.05,22.09,22.01,22.07,0.03,33,8015783
108/01/15,532000,21.86,21.95,21.86,21.90,0.17,52,11661300
108/01/16,643000,22.09,22.29,22.09,22.24,0.34,55,14310120
108/01/17,326000,22.50,22.52,22.02,22.02,0.22,19,7195010
108/01/18,379000,22.39,22.49,22.38,22.43,0.41,33,8492330
108/01/21,327000,22.45,22.48,22.45,22.46,0.03,25,7347490
108/01/22,338000,22.43,22.43,22.34,22.37,0.09,33,7565010
108/01/23,560000,22.30,22.30,22.11,22.24,0.13,21,12433420
108/01/28,371666,22.10,22.19,22.10,22.19,0.13,30,8241553
108/01/29,680000,21.67,21.86,21.67,21.79,0.40,176,14822300
108/01/30,224002,22.03,22.03,21.81,21.84,0.05,29,4891662
108/02/11,47028,21.90,21.95,21.84,21.84,,27,1030055
108/02/12,316000,21.85,22.04,21.85,22.04,0.20,13,6957570
108/02/13,366000,22.31,22.31,22.19,22.20,0.16,26,8131160
108/02/14,392000,22.20,22.20,22.09,22.13,0.07,22,8672860
108/02/15,813312,22.10,22.38,22.10,22.31,0.18,66,18150209
108/02/18,614891,22.46,22.81,22.46,22.80,0.49,70,13981974
108/02/19,370000,22.82,22.82,22.80,22.82,0.02,32,8443100
108/02/20,496000,22.82,22.82,22.52,22.67,0.15,26,11239290
108/02/21,52160,22.67,22.70,22.54,22.68,0.01,23,1182215
108/02/22,722001,22.28,22.29,22.19,22.20,0.48,47,16025372
108/02/25,324122,22.41,22.60,22.41,22.58,0.38,19,7315770
108/02/26,3360883,22.91,22.91,22.74,22.79,0.21,118,76696969
108/02/27,993489,22.37,22.60,22.30,22.53,0.26,73,22300773
108/03/04,215084,23.08,23.16,23.02,23.09,0.56,64,4967593
108/03/05,460000,22.82,22.98,22.82,22.94,0.15,16,10562700
108/03/06,171000,22.83,22.94,22.83,22.94,,27,3916390
108/03/07,521000,22.36,22.44,22.36,22.42,0.52,39,11680840
108/03/08,470000,22.33,22.33,22.26,22.30,0.12,20,10476330
108/03/11,325000,22.13,22.22,22.13,22.22,0.08,12,7220230
108/03/12,481000,22.67,22.70,22.66,22.69,0.47,34,10915010
108/03/13,39000,22.70,22.79,22.70,22.75,0.06,17,886470
108/03/14,504000,23.00,23.15,23.00,23.14,0.39,48,11658790
108/03/15,532203,23.14,23.15,23.08,23.13,0.01,33,12312474
108/03/18,365000,23.15,23.28,23.15,23.28,0.15,38,8491530
108/03/19,359128,23.24,23.24,23.15,23.18,0.10,20,8324699
108/03/20,329050,23.15,23.15,23.05,23.14,0.04,16,7615851
108/03/21,58000,23.10,23.10,23.01,23.02,0.12,16,1336790
108/03/22,35128,23.02,23.02,22.74,22.80,0.22,26,801974
108/03/25,867000,22.22,22.22,21.90,22.03,0.77,74,19072660
108/03/26,456000,22.11,22.23,22.11,22.23,0.20,12,10123000
108/03/27,503128,22.41,22.51,22.40,22.51,0.28,25,11317867
108/03/28,77000,22.28,22.28,22.10,22.18,0.33,30,1707230
108/03/29,609107,22.42,22.42,22.31,22.39,0.21,43,13629677
108/04/01,437829,22.79,22.86,22.79,22.83,0.44,64,9994776
108/04/02,348281,22.83,22.83,22.70,22.76,0.07,59,7928399
108/04/03,451100,22.94,22.99,22.90,22.98,0.22,66,10359556
108/04/08,466427,23.06,23.29,23.06,23.24,0.26,72,10826320
108/04/09,356282,23.11,23.19,23.11,23.18,0.06,55,8259269
108/04/10,326402,22.88,22.99,22.80,22.99,0.19,51,7454660
108/04/11,219259,23.08,23.11,23.07,23.08,0.09,38,5059017
108/04/12,200729,22.79,22.80,22.75,22.80,0.28,27,4575698
108/04/15,423240,22.61,22.61,22.59,22.61,0.19,52,9566054
108/04/16,314726,22.60,22.60,22.54,22.55,0.06,34,7097242
108/04/17,452224,22.45,22.45,22.30,22.32,0.23,79,10093784
108/04/18,714143,22.05,22.05,21.30,21.38,0.94,280,15288210
108/04/19,528100,21.74,21.74,21.32,21.38,,136,11267893
108/04/22,620496,21.38,21.41,21.30,21.40,0.02,88,13271058
108/04/23,386124,21.45,21.52,21.43,21.46,0.06,63,8294264
108/04/24,301491,21.85,21.93,21.85,21.90,0.44,104,6594321
108/04/25,501685,21.73,21.79,21.65,21.79,0.11,54,10919342
108/04/26,383120,21.78,21.90,21.78,21.87,0.08,49,8383280
108/04/29,362000,21.92,22.01,21.92,22.01,0.14,47,7957640
108/04/30,315000,21.98,21.99,21.92,21.92,0.09,37,6914376
108/05/02,400397,21.89,21.89,21.57,21.69,0.23,60,8687421
108/05/03,309257,21.66,21.91,21.66,21.88,0.19,51,6765666
108/05/06,401371,21.71,21.71,21.58,21.62,0.26,49,8680134
108/05/07,363000,22.07,22.12,22.07,22.08,0.46,48,8018960
108/05/08,345561,21.67,21.74,21.60,21.70,0.38,43,7495761
108/05/09,408274,21.67,21.67,21.52,21.53,0.17,50,8792803
108/05/10,328000,21.62,21.62,21.45,21.49,0.04,24,7051830
108/05/13,203240,21.49,21.49,21.33,21.34,0.15,28,4337902
108/05/14,328500,21.00,21.10,20.91,21.09,0.25,83,6898560
108/05/15,517318,21.16,21.29,21.14,21.19,0.10,44,11002857
108/05/16,328471,21.20,21.29,21.20,21.20,0.01,31,6983064
108/05/17,476731,21.45,21.65,21.45,21.54,0.34,63,10288254
108/05/20,378416,21.54,21.55,21.52,21.55,0.01,20,8153713
108/05/21,322414,21.39,21.42,21.34,21.42,0.13,20,6905547
108/05/22,340413,21.71,21.76,21.70,21.74,0.32,25,7400370
108/05/23,371000,21.64,21.77,21.64,21.73,0.01,30,8063220
108/05/24,329276,21.60,21.70,21.60,21.68,0.05,12,7137602
108/05/27,337257,21.70,21.71,21.67,21.67,0.01,19,7318416
108/05/28,333254,21.76,21.79,21.75,21.78,0.11,19,7257680
108/05/29,486000,21.75,21.75,21.41,21.50,0.28,28,10441590
108/05/30,357423,21.50,21.50,21.35,21.35,0.15,36,7676320
108/05/31,395137,21.35,21.38,21.31,21.34,0.01,46,8431813
108/06/03,395186,21.19,21.19,21.13,21.18,0.16,41,8363479
108/06/04,311000,21.23,21.25,21.23,21.25,0.07,17,6608530
108/06/05,347128,21.30,21.55,21.30,21.50,0.25,30,7464431
108/06/06,312659,21.50,21.66,21.46,21.50,,19,6721415
108/06/10,315533,21.53,21.65,21.53,21.63,0.13,34,6827174
108/06/11,168502,21.63,21.63,21.55,21.61,0.02,23,3641232
108/06/12,308000,21.56,21.59,21.40,21.49,0.12,20,6614280
108/06/13,483000,21.52,21.53,21.51,21.51,0.02,33,10389610
108/06/14,340401,21.60,21.74,21.60,21.68,0.17,41,7385084
108/06/17,335270,21.68,21.68,21.52,21.54,0.14,35,7223385
108/06/18,542824,21.90,22.12,21.90,22.00,0.46,74,11949008
108/06/19,469635,22.23,22.32,22.15,22.20,0.20,55,10425858
108/06/20,376603,22.25,22.25,22.17,22.21,0.01,43,8353150
108/06/21,416491,22.20,22.20,22.16,22.16,0.05,39,9233955
108/06/24,406240,22.39,22.39,22.19,22.24,0.08,33,9033858
108/06/25,341658,22.00,22.00,21.85,21.85,0.39,43,7467168
108/06/26,309091,21.85,21.89,21.79,21.86,0.01,14,6756701
108/06/27,172365,21.69,21.88,21.69,21.88,0.02,19,3748213
108/06/28,317000,21.90,22.05,21.90,22.02,0.14,21,6973890
108/07/01,340134,22.22,22.22,22.20,22.21,0.19,28,7551394
108/07/02,382201,22.21,22.22,22.18,22.18,0.03,48,8491746
108/07/03,516019,22.20,22.37,22.18,22.37,0.19,72,11527211
108/07/04,593379,22.58,22.60,22.49,22.58,0.21,72,13406437
108/07/05,473000,22.61,22.61,22.55,22.60,0.02,33,10689140
108/07/08,359134,22.22,22.30,22.22,22.24,0.36,44,7999654
108/07/09,457441,22.08,22.16,22.00,22.00,0.24,87,10091862
108/07/10,432134,22.26,22.28,22.16,22.22,0.22,27,9612070
108/07/11,19270,22.20,22.20,22.14,22.14,0.08,14,426963
108/07/12,260200,22.05,22.05,21.67,21.73,0.41,83,5652175
108/07/15,452066,21.68,21.68,21.60,21.65,0.08,72,9779782
108/07/16,635000,21.71,21.77,21.71,21.77,0.12,33,13808340
108/07/17,644124,21.73,21.73,21.65,21.69,0.08,38,13967128
108/07/18,456918,21.69,21.69,21.62,21.62,0.07,77,9883626
108/07/19,332357,21.71,21.82,21.71,21.82,0.20,39,7250859
108/07/22,502000,21.83,21.83,21.51,21.54,0.28,99,10819050
108/07/23,323243,21.61,21.61,21.58,21.60,0.06,30,6979078
108/07/24,350065,21.60,21.64,21.56,21.61,0.01,42,7558124
108/07/25,334120,21.63,21.66,21.62,21.66,0.05,31,7233089
108/07/26,345267,21.51,21.62,21.42,21.51,0.15,91,7414551
108/07/29,522523,21.51,21.73,21.51,21.70,0.19,40,11288519
108/07/30,340200,21.74,21.75,21.64,21.65,0.05,38,7372469
108/07/31,500300,21.73,21.86,21.73,21.86,0.21,68,10928166
108/08/01,326000,21.78,21.78,21.68,21.68,0.18,26,7080350
108/08/02,193000,21.80,21.84,21.80,21.81,0.13,45,4210870
108/08/05,397000,21.74,21.74,21.60,21.65,0.16,29,8586000
108/08/06,567400,21.06,21.19,21.01,21.19,0.46,108,11987679
108/08/07,331000,21.43,21.44,21.34,21.34,0.15,32,7068360
108/08/08,333000,21.54,21.54,21.41,21.53,0.19,25,7150930
108/08/12,313200,21.56,21.57,21.53,21.54,0.01,22,6746508
108/08/13,329000,21.51,21.51,21.42,21.48,0.06,26,7065060
108/08/14,196237,21.70,21.70,21.59,21.65,0.17,19,4248213
108/08/15,374376,21.41,21.41,21.34,21.40,0.25,34,7996978
108/08/16,387000,21.36,21.37,21.30,21.31,0.09,46,8246860
108/08/19,165854,21.62,21.78,21.59,21.78,0.47,62,3599748
108/08/20,583538,21.78,21.84,21.75,21.82,0.04,40,12738942
108/08/21,490109,21.72,21.72,21.66,21.68,0.14,28,10618873
108/08/22,68124,21.70,21.83,21.70,21.82,0.14,33,1484447
108/08/23,455480,21.66,21.73,21.66,21.68,0.14,22,9894812
108/08/26,521000,21.25,21.27,21.01,21.08,0.60,101,10989390
108/08/27,663422,21.31,21.33,21.25,21.25,0.17,32,14134486
108/08/28,361001,21.16,21.16,21.11,21.12,0.13,45,7625131
108/08/29,404000,21.23,21.23,21.14,21.18,0.06,31,8550620
108/08/30,332200,21.31,21.35,21.31,21.35,0.17,39,7089140
108/09/02,327228,21.19,21.28,21.19,21.21,0.14,30,6961974
108/09/03,214011,21.15,21.18,21.11,21.14,0.07,27,4529162
108/09/04,473000,21.08,21.08,20.94,21.00,0.14,96,9918970
108/09/05,394389,21.09,21.09,20.99,21.07,0.07,49,8307747
108/09/06,419731,21.15,21.15,21.10,21.12,0.05,45,8869895
108/09/09,332121,21.20,21.20,21.10,21.20,0.08,31,7014927
108/09/10,330141,21.19,21.19,21.09,21.15,0.05,24,6976284
108/09/11,375000,21.20,21.26,21.20,21.24,0.09,34,7968300
108/09/12,452300,21.67,21.67,21.45,21.53,0.29,50,9752392
108/09/16,361277,21.43,21.47,21.36,21.36,0.17,39,7733219
108/09/17,336000,21.45,21.53,21.45,21.46,0.10,25,7217070
108/09/18,322280,21.43,21.43,21.36,21.37,0.09,25,6887322
108/09/19,307100,21.35,21.35,21.22,21.25,0.12,23,6522905
108/09/20,353126,21.42,21.42,21.35,21.35,0.10,21,7543113
108/09/23,439244,21.42,21.64,21.42,21.55,0.20,33,9459558
108/09/24,371635,21.43,21.44,21.41,21.44,0.11,19,7965300
108/09/25,349000,21.20,21.28,21.18,21.18,0.26,30,7420090
108/09/26,418779,21.17,21.18,20.86,20.94,0.24,67,8843351
108/09/27,455000,20.86,20.88,20.72,20.88,0.06,86,9468180
108/10/01,333000,20.81,21.00,20.80,21.00,0.12,31,6958530
108/10/02,315244,20.78,20.92,20.78,20.92,0.08,21,6587762
108/10/03,483037,20.76,20.76,20.68,20.68,0.24,126,9994889
108/10/04,146343,20.69,20.69,20.20,20.55,0.13,71,2994823
108/10/07,482127,20.71,20.71,20.60,20.66,0.11,34,9956408
108/10/08,321000,20.57,20.72,20.57,20.72,0.06,25,6643510
108/10/09,482144,20.55,20.57,20.51,20.52,0.20,40,9904778
108/10/14,309000,20.74,20.74,20.57,20.64,0.12,19,6371640
108/10/15,321124,20.64,20.67,20.61,20.67,0.03,17,6636553
108/10/16,345611,20.76,20.80,20.67,20.71,0.04,31,7163163
108/10/17,307000,20.71,20.71,20.67,20.68,0.03,15,6345790
108/10/18,338000,20.71,20.73,20.69,20.73,0.05,24,6999600
108/10/21,318144,20.68,20.68,20.61,20.67,0.06,27,6569467
108/10/22,363150,20.91,20.92,20.89,20.91,0.24,48,7593137
108/10/23,314132,21.05,21.13,21.00,21.10,0.19,75,6630479
108/10/24,544150,21.13,21.17,21.08,21.11,0.01,70,11509531
108/10/25,531250,21.12,21.18,21.12,21.18,0.07,42,11251148
108/10/28,322543,21.18,21.18,21.10,21.10,0.08,28,6812353
108/10/29,530000,21.15,21.43,21.15,21.40,0.30,65,11327650
108/10/30,396000,21.30,21.44,21.30,21.43,0.03,39,8481400
108/10/31,324251,21.43,21.43,21.37,21.40,0.03,25,6938702
108/11/01,389032,21.40,21.45,21.40,21.43,0.03,31,8335905
108/11/04,618219,21.67,21.83,21.66,21.80,0.37,83,13475993
108/11/05,402594,21.70,21.70,21.63,21.70,0.10,43,8731098
108/11/06,383000,21.64,21.64,21.51,21.63,0.07,28,8280200
108/11/07,332000,21.50,21.50,21.43,21.43,0.20,26,7121250
108/11/08,317250,21.45,21.45,21.40,21.40,0.03,21,6798666
108/11/11,367040,21.64,21.69,21.55,21.60,0.20,37,7936106
108/11/12,331072,21.60,21.60,21.56,21.57,0.03,24,7141172
108/11/13,357076,21.60,21.63,21.60,21.60,0.03,24,7713007
108/11/14,442000,21.75,21.95,21.75,21.90,0.30,62,9684730
108/11/15,336650,21.87,21.90,21.87,21.90,,28,7368884
108/11/18,37228,21.92,21.92,21.91,21.92,0.02,20,815926
108/11/19,613512,21.92,22.04,21.81,22.02,0.10,66,13507044
108/11/20,962387,22.02,22.34,22.02,22.30,0.28,112,21463118
108/11/21,437301,22.31,22.50,22.31,22.46,0.16,68,9824511
108/11/22,399030,22.56,22.59,22.55,22.58,0.12,70,9008614
108/11/25,377247,22.69,22.89,22.69,22.80,0.22,69,8604605
108/11/26,590084,23.01,23.35,23.01,23.29,0.49,116,13727882
108/11/27,238059,23.30,23.35,23.20,23.32,0.03,62,5534388
108/11/28,509243,23.32,23.32,23.24,23.30,0.02,45,11846169
108/11/29,711293,23.30,23.60,23.20,23.60,0.30,102,16577440
108/12/02,446568,23.60,23.60,23.29,23.50,0.10,65,10489981
108/12/03,491378,23.30,23.50,23.22,23.50,,55,11486927
108/12/04,459711,23.52,23.66,23.52,23.65,0.15,74,10854178
108/12/05,352167,23.70,23.85,23.70,23.84,0.19,42,8394231
108/12/06,364607,23.68,23.68,23.35,23.46,0.38,44,8557435
108/12/09,331240,23.62,23.62,23.59,23.61,0.15,39,7817260
108/12/10,351000,23.60,23.60,23.45,23.54,0.07,21,8238020
108/12/11,357000,23.57,23.59,23.56,23.59,0.05,26,8417230
108/12/12,45000,23.52,23.52,23.49,23.49,0.10,11,1057800
108/12/13,31123,23.63,23.63,23.53,23.55,0.06,14,733711
108/12/16,621502,23.60,23.61,23.50,23.56,0.01,19,14642076
108/12/17,537700,23.56,23.66,23.56,23.63,0.07,36,12716908
108/12/18,349000,23.62,23.65,23.60,23.65,0.02,23,8247080
108/12/19,328000,23.52,23.52,23.49,23.49,0.16,22,7710750
108/12/20,332000,23.48,23.52,23.48,23.51,0.02,26,7807590
108/12/23,330000,23.75,23.75,23.70,23.71,0.20,29,7825288
108/12/24,116418,23.76,23.86,23.76,23.86,0.15,45,2775362
108/12/25,502208,23.85,23.97,23.85,23.97,0.11,41,12027050
108/12/26,492100,23.99,24.01,23.98,23.98,0.01,40,11805778
108/12/27,328059,23.95,23.95,23.90,23.93,0.05,23,7850364
108/12/30,368000,23.71,23.71,23.60,23.64,0.29,36,8694270
108/12/31,363000,23.51,23.51,23.32,23.34,0.30,46,8491090
109/01/02,324000,23.61,23.62,23.44,23.45,0.11,19,7595650
109/01/03,308258,23.45,23.45,23.35,23.35,0.10,21,7210063
109/01/06,350000,23.28,23.28,23.11,23.11,0.24,27,8092490
109/01/07,356299,23.00,23.15,23.00,23.15,0.04,30,8236257
109/01/08,105131,23.00,23.10,23.00,23.10,0.05,34,2420859
109/01/09,517120,23.34,23.42,23.30,23.37,0.27,34,12082966
109/01/10,556000,23.50,23.50,23.41,23.47,0.10,26,13034980
109/01/13,41328,23.42,23.42,23.36,23.36,0.11,15,967221
109/01/14,518127,23.08,23.08,23.01,23.07,0.29,41,11938224
109/01/15,511163,23.31,23.41,23.31,23.39,0.32,35,11954250
109/01/16,333401,23.50,23.50,23.46,23.46,0.07,20,7827907
109/01/17,323000,23.53,23.56,23.53,23.56,0.10,26,7609620
109/01/20,63126,23.56,23.60,23.49,23.55,0.01,35,1485362
109/01/30,230500,23.70,23.70,23.30,23.36,0.19,79,5425424
109/01/31,684257,23.35,23.35,22.54,22.87,0.49,53,15616800
109/02/03,382000,22.84,23.30,22.43,23.20,0.33,73,8816040
109/02/04,563000,22.98,23.03,22.98,22.99,0.21,37,12961940
109/02/05,473000,23.21,23.23,23.17,23.17,0.18,27,10982560
109/02/06,677000,23.52,23.73,23.52,23.68,0.51,68,15990310
109/02/07,53000,23.77,23.77,23.70,23.70,0.02,19,1257570
109/02/10,139300,23.63,23.70,23.63,23.66,0.04,30,3296428
109/02/11,568200,23.78,23.84,23.78,23.80,0.14,43,13530709
109/02/12,482000,23.80,23.80,23.70,23.76,0.04,25,11451030
109/02/13,413000,23.76,23.80,23.76,23.77,0.01,32,9818730
109/02/14,320000,23.68,23.74,23.66,23.74,0.03,18,7595740
109/02/17,357100,23.79,23.88,23.79,23.81,0.07,32,8499856
109/02/18,371200,23.79,23.79,23.74,23.75,0.06,34,8813100
109/02/19,409583,23.83,23.87,23.83,23.86,0.11,50,9768702
109/02/20,647000,23.96,24.12,23.96,24.11,0.25,68,15586850
109/02/21,802412,24.10,24.19,24.10,24.18,0.07,74,19396743
109/02/24,683100,24.03,24.22,24.00,24.00,0.18,82,16428595
109/02/25,971000,23.78,23.92,23.78,23.90,0.10,34,23188650
109/02/26,983000,23.33,23.40,23.28,23.28,0.62,63,22933650
109/02/27,1048000,23.30,23.35,23.05,23.10,0.18,58,24196010
109/03/02,1011500,23.09,23.09,22.24,22.68,0.42,95,22898532
109/03/03,2921880,24.00,24.90,23.76,24.90,2.22,1135,71095642
109/03/04,2296010,24.89,24.89,23.66,23.90,1.00,910,55251179
109/03/05,2082251,24.28,24.30,23.50,23.66,0.24,672,49446473
109/03/06,1597000,23.90,23.90,23.15,23.17,0.49,597,37293720
109/03/09,1729200,23.12,23.12,22.24,22.25,0.92,632,38882479
109/03/10,667006,21.66,22.28,21.58,22.28,0.03,221,14720328
109/03/11,495300,22.28,22.28,21.70,21.70,0.58,305,10832663
109/03/12,759000,21.31,21.31,20.12,20.21,1.49,336,15487560
109/03/13,832000,19.27,19.91,18.68,19.81,0.40,289,15822830
109/03/16,349000,19.80,19.81,19.30,19.35,0.46,166,6801840
109/03/17,684500,19.02,19.75,19.02,19.44,0.09,202,13309229
109/03/18,493200,19.70,19.70,19.00,19.01,0.43,194,9496299
109/03/19,628102,18.96,19.88,18.68,18.91,0.10,288,12020158
109/03/20,330157,19.40,20.08,19.40,19.95,1.04,170,6536264
109/03/23,706200,19.70,19.70,18.60,18.65,1.30,221,13278904
109/03/24,1097000,18.85,19.96,18.85,19.86,1.21,216,21508310
109/03/25,418000,20.55,20.55,19.88,20.05,0.19,181,8380880
109/03/26,147000,20.10,20.10,19.81,20.00,0.05,76,2933860
109/03/27,452048,20.50,20.80,20.45,20.45,0.45,180,9324618
109/03/30,590500,20.19,20.50,19.85,20.49,0.04,111,11988678
109/03/31,956000,21.00,21.35,20.88,21.21,0.72,172,20256650
109/04/01,413399,21.21,21.21,21.00,21.02,0.19,111,8695518
109/04/06,1062127,21.09,21.66,21.09,21.66,0.64,138,22830784
109/04/07,524030,21.95,22.00,21.68,21.79,0.13,112,11433486
109/04/08,300137,21.50,21.71,21.35,21.71,0.08,113,6449894
109/04/09,210501,21.95,21.97,21.71,21.77,0.06,90,4609010
109/04/10,847000,21.89,22.15,21.79,22.13,0.36,96,18729750
109/04/13,181000,22.12,22.12,21.75,21.75,0.38,69,3960530
109/04/14,845173,22.18,22.52,22.13,22.49,0.74,191,18918051
109/04/15,847218,22.91,23.00,22.82,22.87,0.38,119,19378026
109/04/16,613267,22.50,22.55,22.30,22.46,0.41,107,13731891
109/04/17,1258211,23.17,23.94,23.17,23.86,1.40,318,30002704
109/04/20,1147456,24.50,24.50,23.89,24.13,0.27,209,27650915
109/04/21,912755,24.27,24.63,24.27,24.37,0.24,253,22326554
109/04/22,982132,23.91,23.91,23.77,23.90,0.47,132,23392528
109/04/23,502251,24.09,24.10,23.96,24.10,0.20,96,12089761
109/04/24,512242,24.00,24.00,23.77,23.78,0.32,97,12203293
109/04/27,829481,24.40,24.73,24.28,24.71,0.93,197,20378812
109/04/28,491120,24.66,24.71,24.52,24.71,,88,12081755
109/04/29,154564,24.50,24.50,24.36,24.40,0.31,76,3777850
109/04/30,324000,24.51,24.61,24.34,24.47,0.07,163,7931310
109/05/04,531287,23.99,23.99,23.10,23.28,1.19,144,12365724
109/05/05,495140,23.98,24.15,23.98,24.02,0.74,105,11926179
109/05/06,528227,24.35,24.55,24.31,24.55,0.53,101,12926052
109/05/07,497000,24.60,24.70,24.57,24.70,0.15,94,12244800
109/05/08,571121,24.71,24.95,24.69,24.93,0.23,97,14194514
109/05/11,506241,24.95,24.95,24.77,24.77,0.16,88,12564775
109/05/12,901505,25.50,25.76,25.50,25.70,0.93,167,23142702
109/05/13,54963,25.48,25.60,25.30,25.60,0.10,42,1399931
109/05/14,835389,25.40,25.40,24.95,25.06,0.54,102,20955559
109/05/15,583199,25.15,25.15,24.92,24.97,0.09,108,14564501
109/05/18,714543,25.49,25.74,25.49,25.70,0.73,147,18353941
109/05/19,798453,26.79,26.79,25.79,25.92,0.22,173,20700726
109/05/20,586240,25.52,25.77,25.50,25.51,0.41,70,14993763
109/05/21,372873,25.81,25.85,25.74,25.76,0.25,49,9609215
109/05/22,377000,25.76,25.76,25.36,25.36,0.40,57,9608160
109/05/25,448598,25.91,26.08,25.90,26.05,0.69,77,11669053
109/05/26,366225,26.38,26.38,26.22,26.29,0.24,51,9620247
109/05/27,404448,25.46,25.82,25.46,25.77,0.52,72,10416104
109/05/28,493216,25.77,25.77,25.56,25.70,0.07,79,12637610
109/05/29,326127,25.70,25.70,25.58,25.62,0.08,25,8352312
109/06/01,388116,26.13,26.13,25.97,26.01,0.39,54,10099014
109/06/02,435232,25.92,25.92,25.75,25.85,0.16,54,11227850
109/06/03,409351,25.95,26.00,25.89,26.00,0.15,45,10635392
109/06/04,386000,25.70,25.71,25.55,25.56,0.44,58,9874430
109/06/05,357239,25.43,25.43,25.31,25.36,0.20,43,9056161
109/06/08,446625,25.36,25.36,25.22,25.22,0.14,96,11291710
109/06/09,154137,25.45,25.55,25.40,25.55,0.33,66,3924088
109/06/10,641108,25.55,25.64,25.51,25.54,0.01,27,16379716
109/06/11,404118,25.49,25.49,25.10,25.19,0.35,75,10182032
109/06/12,368100,24.50,24.69,24.45,24.67,0.52,35,9079811
109/06/15,420117,24.70,24.79,24.10,24.18,0.49,164,10257504
109/06/16,156572,24.81,25.39,24.81,25.39,1.21,88,3945161
109/06/17,711336,25.39,25.53,25.38,25.44,0.05,40,18104387
109/06/18,698352,25.50,25.50,25.24,25.37,0.07,44,17699728
109/06/19,136500,25.48,25.55,25.48,25.53,0.16,52,3483543
109/06/22,1463972,26.20,26.65,26.20,26.58,1.05,475,38722960
109/06/23,264731,26.58,26.58,26.16,26.55,0.03,72,6965561
109/06/24,672550,26.55,26.61,26.50,26.55,,56,17837466
109/06/29,455325,26.20,26.20,25.90,25.97,0.58,65,11820536
109/06/30,323425,26.02,26.02,26.00,26.02,0.05,26,8412301
109/07/01,366000,26.18,26.23,26.18,26.20,0.18,33,9595470
109/07/02,59108,26.22,26.22,26.17,26.18,0.02,31,1547766
109/07/03,665100,26.29,26.56,26.29,26.49,0.31,30,17600700
109/07/06,419696,26.65,26.80,26.63,26.78,0.29,62,11221842
109/07/07,418440,26.79,26.82,26.51,26.57,0.21,65,11123659
109/07/08,367526,26.59,26.80,26.59,26.70,0.13,41,9820600
109/07/09,361896,26.82,26.88,26.80,26.86,0.16,34,9721703
109/07/10,347000,26.86,26.86,26.71,26.75,0.11,30,9288360
109/07/13,332632,26.80,26.81,26.70,26.70,0.05,30,8892445
109/07/14,57613,26.67,26.67,26.27,26.30,0.40,33,1518639
109/07/15,1011192,26.50,26.97,26.50,26.95,0.65,85,27154392
109/07/16,482490,27.12,27.25,27.04,27.08,0.13,50,13061970
109/07/17,445938,27.06,27.06,27.01,27.05,0.03,43,12057536
109/07/20,365402,27.26,27.55,27.26,27.30,0.25,43,9974992
109/07/21,390359,27.70,27.80,27.66,27.75,0.45,44,10813781
109/07/22,338106,27.26,27.38,27.26,27.33,0.42,40,9255064
109/07/23,600364,27.33,27.33,27.10,27.18,0.15,178,16322151
109/07/24,581564,27.18,27.18,26.50,26.55,0.63,189,15472678
109/07/27,485660,26.55,26.55,26.05,26.10,0.45,128,12693540
109/07/28,407819,26.53,26.66,26.53,26.65,0.55,81,10858311
109/07/29,132192,26.62,26.62,26.20,26.21,0.44,94,3469765
109/07/30,779303,26.21,26.21,25.90,25.96,0.25,117,20231672
109/07/31,420000,25.99,26.07,25.99,26.05,0.09,49,10936860
109/08/03,558171,26.10,26.10,25.65,25.87,0.18,130,14407712
109/08/04,443038,26.33,26.58,26.33,26.58,0.71,68,11746486
109/08/05,378440,26.36,26.42,26.29,26.42,0.16,56,9988569
109/08/06,380123,26.42,26.42,26.33,26.39,0.03,63,10024312
109/08/07,529095,26.40,26.40,26.10,26.15,0.24,123,13872977
109/08/10,591100,26.00,26.13,25.90,26.13,0.02,53,15387480
109/08/11,506500,25.95,25.95,25.75,25.83,0.30,185,13072467
109/08/12,431152,25.56,25.56,25.27,25.31,0.52,132,10932635
109/08/13,339231,25.51,25.78,25.51,25.63,0.32,37,8685237
109/08/14,338150,25.56,25.72,25.56,25.71,0.08,23,8673795
109/08/17,90114,25.71,25.71,25.57,25.59,0.12,56,2306805
109/08/18,644615,25.82,25.95,25.82,25.95,0.36,43,16695250
109/08/19,365380,25.90,25.90,25.78,25.78,0.17,59,9428745
109/08/20,483816,25.70,25.70,25.26,25.35,0.43,70,12273855
109/08/21,392000,25.37,25.42,25.32,25.42,0.07,26,9960920
109/08/24,311190,25.42,25.42,25.35,25.35,0.07,14,7894984
109/08/25,418688,25.30,25.30,25.07,25.10,0.25,117,10507190
109/08/26,349457,25.30,25.43,25.29,25.30,0.20,50,8851286
109/08/27,368100,25.30,25.30,25.22,25.23,0.07,33,9301499
109/08/28,411387,25.21,25.39,25.10,25.39,0.16,31,10403154
109/08/31,83001,25.39,25.50,25.38,25.39,,30,2108065
109/09/01,801092,25.80,25.80,25.71,25.79,0.40,66,20641103
109/09/02,412070,25.70,25.70,25.34,25.46,0.33,62,10463247
109/09/03,343135,25.57,25.63,25.57,25.61,0.15,35,8787592
109/09/04,446000,24.73,24.89,24.73,24.89,0.72,144,11060920
109/09/07,819320,24.69,24.71,24.37,24.37,0.52,118,20011170
109/09/08,325105,24.43,24.60,24.42,24.60,0.23,29,7977735
109/09/09,351523,24.10,24.38,24.08,24.30,0.30,40,8561493
109/09/10,458000,24.54,24.54,24.35,24.40,0.10,49,11171420
109/09/11,362174,24.30,24.30,24.17,24.22,0.18,23,8764814
109/09/14,391384,23.90,24.65,23.90,24.65,0.43,35,9621494
109/09/15,462380,25.30,25.42,25.30,25.40,0.75,81,11730981
109/09/16,431111,25.60,25.70,25.52,25.70,0.30,61,11069627
109/09/17,367135,25.63,25.63,25.31,25.32,0.38,22,9312306
109/09/18,356352,25.50,25.50,25.41,25.47,0.15,24,9075187
109/09/21,391617,25.50,25.50,25.28,25.37,0.10,23,9938893
109/09/22,40037,25.00,25.00,24.80,24.88,0.49,16,996262
109/09/23,696109,24.98,25.14,24.98,25.14,0.26,32,17498832
109/09/24,384001,25.10,25.10,24.88,24.88,0.26,29,9569934
109/09/25,336576,24.81,24.84,24.71,24.78,0.10,19,8357611
109/09/28,327306,25.19,25.26,25.18,25.26,0.48,30,8248629
109/09/29,320946,25.28,25.30,25.23,25.30,0.04,18,8110222
109/09/30,461301,25.30,25.43,25.20,25.21,0.09,21,11655147
109/10/05,307237,25.18,25.18,25.13,25.13,0.08,9,7720996
109/10/06,458139,25.81,25.88,25.81,25.87,0.74,66,11841132
109/10/07,319452,25.20,25.71,25.20,25.66,0.21,15,8198846
109/10/08,504116,26.06,26.19,26.06,26.10,0.44,74,13161115
109/10/12,423442,26.20,26.30,26.20,26.23,0.13,71,11121876
109/10/13,240149,26.42,26.47,26.28,26.47,0.24,103,6340361
109/10/14,794128,26.60,26.65,26.59,26.62,0.15,88,21145198
109/10/15,408060,26.50,26.50,26.20,26.24,0.38,48,10711426
109/10/16,564193,25.95,25.95,25.84,25.88,0.36,74,14601383
109/10/19,438024,25.88,26.05,25.88,26.04,0.16,34,11400231
109/10/20,378107,26.00,26.00,25.46,25.47,0.57,60,9648039
109/10/21,368500,25.39,25.39,25.32,25.34,0.13,50,9344362
109/10/22,499112,25.27,25.27,24.71,24.78,0.56,98,12349670
109/10/23,432344,25.18,25.35,25.18,25.31,0.53,62,10948843
109/10/26,594244,25.31,25.31,25.11,25.15,0.16,50,14948320
109/10/27,27057,25.06,25.09,25.01,25.09,0.06,24,677353
109/10/28,748118,25.09,25.09,25.02,25.07,0.02,29,18749151
109/10/29,371528,24.70,24.81,24.70,24.81,0.26,40,9203046
109/10/30,97181,24.69,24.69,24.48,24.51,0.30,71,2386077
109/11/02,700100,24.43,24.44,24.20,24.20,0.31,72,17006170
109/11/03,374300,24.30,24.32,24.24,24.24,0.04,35,9088497
109/11/04,564020,24.55,25.20,24.54,25.03,0.79,84,13999750
109/11/05,498212,25.99,26.25,25.90,26.18,1.15,195,12994980
109/11/06,1041655,26.15,26.15,25.74,25.78,0.40,124,26859355
109/11/09,630140,25.80,25.88,25.65,25.88,0.10,80,16229621
109/11/10,559495,25.88,25.88,25.23,25.31,0.57,110,14214915
109/11/11,331001,25.37,25.52,25.37,25.48,0.17,19,8438167
109/11/12,481052,25.68,25.72,25.60,25.66,0.18,29,12342486
109/11/13,439427,25.73,25.73,25.59,25.70,0.04,32,11270144
109/11/16,552862,26.06,26.12,26.03,26.12,0.42,95,14417596
109/11/17,522745,26.10,26.10,25.86,25.89,0.23,66,13539517
109/11/18,446675,25.85,25.93,25.78,25.85,0.04,61,11546538
109/11/19,724232,25.52,25.52,25.37,25.42,0.43,93,18410868
109/11/20,453258,25.42,25.46,25.40,25.46,0.04,35,11518359
109/11/23,410777,25.69,25.72,25.67,25.67,0.21,39,10555588
109/11/24,531466,25.68,25.79,25.68,25.79,0.12,40,13684085
109/11/25,403223,25.70,25.70,25.52,25.52,0.27,44,10310411
109/11/26,25307,25.70,25.74,25.70,25.73,0.21,20,650852
109/11/27,623699,25.73,25.73,25.63,25.65,0.08,21,16009655
109/11/30,517227,26.35,26.36,26.22,26.25,0.60,146,13603565
109/12/01,1116941,26.65,26.88,26.45,26.86,0.61,178,29923981
109/12/02,545461,26.80,26.80,26.62,26.66,0.20,88,14549953
109/12/03,79982,26.66,26.66,26.58,26.61,0.05,46,2127692
109/12/04,664386,26.71,26.71,26.64,26.68,0.07,46,17725803
109/12/07,513950,26.98,26.98,26.79,26.81,0.13,79,13795492
109/12/08,126674,26.84,26.85,26.81,26.85,0.04,58,3398935
109/12/09,776398,27.06,27.28,27.06,27.25,0.40,96,21151576
109/12/10,381024,27.19,27.19,26.60,26.86,0.39,57,10242674
109/12/11,372300,27.00,27.22,27.00,27.14,0.28,58,10117717
109/12/14,354286,27.30,27.30,27.25,27.25,0.11,40,9665061
109/12/15,448179,27.71,27.86,27.70,27.76,0.51,108,12456420
109/12/16,346251,27.80,27.84,27.80,27.82,0.06,49,9632473
109/12/17,403428,27.82,27.82,27.60,27.66,0.16,56,11156464
109/12/18,367323,27.91,27.93,27.90,27.90,0.24,43,10251727
109/12/21,367245,28.08,28.18,28.08,28.18,0.28,63,10339120
109/12/22,469328,28.20,28.25,28.14,28.14,0.04,64,13232594
109/12/23,361638,28.18,28.23,28.18,28.23,0.09,47,10204765
109/12/24,444000,28.23,28.44,28.23,28.43,0.20,50,12618080
109/12/25,60239,28.35,28.43,28.15,28.16,0.27,55,1698603
109/12/28,649969,28.16,28.28,28.16,28.28,0.12,45,18368051
109/12/29,361064,28.28,28.28,27.72,27.88,0.40,60,10064592
109/12/30,519456,27.40,27.58,27.38,27.58,0.30,74,14285447
109/12/31,440447,27.59,27.65,27.44,27.52,0.06,73,12101342
110/01/04,335169,27.52,27.60,27.52,27.58,0.06,31,9243136
110/01/05,41538,27.59,27.59,27.38,27.41,0.17,34,1140397
110/01/06,900072,27.36,27.36,26.96,27.01,0.40,151,24327442
110/01/07,109445,27.20,27.64,27.20,27.62,0.61,72,3019239
110/01/08,835134,28.24,28.28,28.15,28.21,0.59,91,23545644
110/01/11,360359,28.33,28.34,28.28,28.30,0.09,52,10195079
110/01/12,556373,28.30,28.39,28.27,28.39,0.09,83,15764399
110/01/13,478678,28.51,28.56,28.39,28.56,0.17,67,13659135
110/01/14,285684,28.56,28.56,28.46,28.55,0.01,38,8151122
110/01/15,403804,29.23,29.29,29.10,29.11,0.56,74,11790694
110/01/18,357464,29.18,29.20,29.12,29.20,0.09,50,10414569
110/01/19,345172,29.31,29.34,29.23,29.34,0.14,37,10122321
110/01/20,422886,29.79,29.85,29.72,29.73,0.39,59,12575818
110/01/21,363565,29.88,29.88,29.80,29.84,0.11,40,10847536
110/01/22,428206,29.60,29.60,29.43,29.49,0.35,63,12618874
110/01/25,328531,29.76,29.87,29.76,29.83,0.34,26,9811612
110/01/26,417076,30.10,30.24,30.05,30.18,0.35,76,12588580
110/01/27,436723,30.00,30.00,29.76,29.80,0.38,49,13010478
110/01/28,669687,29.40,29.40,28.81,28.90,0.90,89,19330580
110/01/29,448210,28.96,28.97,28.72,28.72,0.18,47,12900540
110/02/01,665642,28.96,29.15,28.95,29.15,0.43,35,19357524
110/02/02,331800,29.36,29.55,29.36,29.53,0.38,32,9797619
110/02/03,325380,29.64,29.68,29.62,29.63,0.10,25,9641348
110/02/04,425000,29.52,29.60,29.44,29.50,0.13,24,12540590
110/02/05,395695,29.99,30.04,29.99,30.03,0.53,58,11881939
110/02/17,66212,30.20,30.22,30.11,30.22,0.19,59,1998838
110/02/18,691786,30.26,30.28,30.14,30.18,0.04,43,20866026
110/02/19,371944,30.26,30.26,29.56,29.65,0.53,45,11024794
110/02/22,374031,30.00,30.02,29.85,29.87,0.22,32,11175957
110/02/23,452693,29.85,29.85,29.10,29.43,0.44,46,13300698
110/02/24,644376,29.13,29.13,28.64,28.71,0.72,129,18551079
110/02/25,456034,28.99,29.13,28.99,29.11,0.40,53,13260466
110/02/26,288827,28.70,28.70,28.10,28.17,0.94,117,8156961
110/03/02,380217,28.73,28.74,28.60,28.60,0.43,35,10897754
110/03/03,406827,28.50,28.50,28.15,28.23,0.37,64,11472664
110/03/04,530748,28.00,28.00,26.98,27.08,1.15,166,14358101
110/03/05,426842,26.48,26.67,26.39,26.57,0.51,92,11354384
110/03/08,434218,27.20,27.25,26.95,27.05,0.48,89,11742365
110/03/09,56430,27.00,27.24,26.98,27.20,0.15,34,1527677
110/03/10,630495,27.58,27.60,27.53,27.56,0.36,30,17394183
110/03/11,363862,27.59,27.69,27.59,27.68,0.12,30,10061321
110/03/12,441245,28.28,28.28,28.19,28.23,0.55,54,12462893
110/03/15,373893,28.15,28.18,28.09,28.18,0.05,28,10526122
110/03/16,399168,28.62,28.62,28.39,28.59,0.41,42,11406503
110/03/17,324279,28.51,28.60,28.51,28.52,0.07,21,9258486
110/03/18,338729,28.61,28.74,28.60,28.66,0.14,26,9705948
110/03/19,396655,27.88,28.21,27.88,28.14,0.52,32,11174729
110/03/22,234919,28.52,28.70,28.52,28.69,0.55,60,6731123
110/03/23,635378,28.84,28.90,28.83,28.84,0.15,31,18331354
110/03/24,363015,28.15,28.15,27.91,27.94,0.90,44,10146339
110/03/25,124489,27.37,27.37,27.15,27.33,0.61,69,3397500
110/03/26,629611,27.58,27.70,27.55,27.68,0.35,28,17425576
110/03/29,395060,27.52,27.52,27.31,27.34,0.34,85,10821581
110/03/30,348055,27.34,27.34,27.15,27.15,0.19,52,9457270
110/03/31,610636,27.15,27.17,27.00,27.00,0.15,86,16536085
110/04/01,619410,27.61,27.75,27.61,27.75,0.75,55,17177087
110/04/06,553565,28.00,28.05,27.93,28.03,0.28,56,15503297
110/04/07,309391,28.02,28.02,27.83,27.87,0.16,211,8631620
110/04/08,868017,27.50,27.53,27.35,27.53,0.34,175,23841177
110/04/09,260369,27.56,27.57,27.36,27.37,0.16,81,7146418
110/04/12,308983,27.33,27.34,27.22,27.24,0.13,73,8421713
110/04/13,927445,27.11,27.11,26.90,26.90,0.34,175,24982472
110/04/14,597270,27.20,27.35,27.16,27.35,0.45,77,16303839
110/04/15,365127,27.70,27.72,27.63,27.71,0.36,95,10107861
110/04/16,652452,28.04,28.04,27.87,27.90,0.19,52,18205719
110/04/19,412896,27.80,27.82,27.78,27.82,0.08,60,11474925
110/04/20,452911,27.78,27.78,27.51,27.53,0.29,54,12477370
110/04/21,443537,27.42,27.42,27.34,27.38,0.15,44,12142732
110/04/22,604974,27.78,27.90,27.70,27.88,0.50,105,16852128
110/04/23,648704,27.82,28.00,27.82,28.00,0.12,104,18124888
110/04/26,94436,28.09,28.09,27.92,27.97,0.03,78,2641003
110/04/27,409333,28.25,28.35,28.25,28.31,0.34,79,11593782
110/04/28,341759,28.25,28.25,28.19,28.23,0.08,35,9644090
110/04/29,339658,28.17,28.21,28.17,28.18,0.05,30,9581022
110/05/03,330424,28.10,28.10,28.04,28.06,0.12,30,9271949
110/05/04,400352,28.00,28.00,27.75,27.82,0.24,49,11132732
110/05/05,381461,27.24,27.24,26.99,27.09,0.73,80,10341125
110/05/06,422224,27.00,27.05,26.80,26.93,0.16,73,11350756
110/05/07,381751,26.93,27.00,26.81,26.90,0.03,74,10297639
110/05/10,358075,26.90,26.92,26.80,26.82,0.08,33,9634138
110/05/11,111450,26.40,26.49,26.26,26.26,0.56,93,2932593
110/05/12,659306,26.50,26.61,26.32,26.55,0.29,58,17464674
110/05/13,448526,26.41,26.41,26.13,26.28,0.27,45,11812031
110/05/14,329305,26.39,26.39,26.33,26.39,0.11,21,8683833
110/05/17,392338,26.39,26.99,26.39,26.92,0.53,66,10564017
110/05/18,382527,26.90,26.92,26.79,26.86,0.06,49,10290611
110/05/19,319184,26.99,27.00,26.84,26.84,0.02,21,8589111
110/05/20,40000,26.72,26.81,26.72,26.77,0.07,13,1070300
110/05/21,567566,27.53,27.53,27.29,27.32,0.55,46,15507880
110/05/24,330000,27.32,27.32,27.13,27.18,0.14,25,8963070
110/05/25,430935,27.18,27.18,27.00,27.04,0.14,44,11643373
110/05/26,363176,26.82,26.86,26.79,26.83,0.21,31,9742567
110/05/27,391048,26.87,26.90,26.83,26.86,0.03,16,10508654
110/05/28,448091,26.97,27.06,26.94,27.00,0.14,29,12104048
110/05/31,329011,27.03,27.03,26.93,26.98,0.02,17,8867915
110/06/01,50446,26.97,26.97,26.86,26.94,0.04,31,1357119
110/06/02,310429,26.81,26.84,26.79,26.84,0.10,10,8322459
110/06/03,332201,27.00,27.00,26.91,26.94,0.10,14,8948934
110/06/04,325181,26.87,26.94,26.87,26.88,0.06,12,8749801
110/06/07,342622,27.20,27.24,27.14,27.24,0.36,43,9327992
110/06/08,590847,28.00,28.24,28.00,28.19,0.95,161,16653383
110/06/09,354978,28.14,28.20,28.06,28.20,0.01,43,10001118
110/06/10,659344,28.46,28.58,28.46,28.53,0.33,86,18820339
110/06/11,462312,28.90,28.90,28.77,28.77,0.24,97,13310511
110/06/15,409470,28.66,28.66,28.53,28.57,0.20,58,11697568
110/06/16,353341,28.06,28.20,28.06,28.17,0.40,58,9956433
110/06/17,384644,28.05,28.16,28.04,28.16,0.01,57,10826977
110/06/18,150999,28.16,28.40,28.16,28.39,0.23,44,4279014
110/06/21,338199,28.25,28.30,28.24,28.28,0.11,30,9569720
110/06/22,825861,28.40,28.67,28.40,28.67,0.39,71,23663701
110/06/23,695697,28.67,28.85,28.67,28.77,0.10,46,20053114
110/06/24,327110,28.70,28.74,28.70,28.72,0.05,22,9400464
110/06/25,87200,28.88,29.00,28.88,28.96,0.24,32,2522988
110/06/28,352000,29.13,29.16,29.13,29.15,0.19,43,10257290
110/06/29,363185,29.18,29.20,29.14,29.18,0.03,73,10591193
110/06/30,333670,29.20,29.25,29.20,29.24,0.06,35,9753077
110/07/01,382734,29.26,29.36,29.26,29.35,0.11,49,11228669
110/07/02,394228,29.50,29.75,29.50,29.70,0.35,66,11708753
110/07/05,382010,29.68,29.68,29.48,29.48,0.22,42,11265178
110/07/06,66365,29.48,29.51,29.45,29.49,0.01,23,1955852
110/07/07,326743,29.08,29.15,29.08,29.14,0.35,42,9517440
110/07/08,340136,28.80,28.82,28.77,28.82,0.32,31,9799177
110/07/09,335474,28.91,28.99,28.91,28.99,0.17,25,9711787
110/07/12,326693,29.18,29.24,29.17,29.19,0.20,28,9545046
110/07/13,342147,29.16,29.16,29.05,29.05,0.14,37,9953058
110/07/14,12870,28.73,28.84,28.73,28.75,0.30,19,370598
110/07/15,663503,28.70,28.70,28.36,28.39,0.36,64,18851194
110/07/16,403079,28.39,28.57,28.39,28.54,0.15,79,11491542
110/07/19,339399,28.64,28.70,28.64,28.70,0.16,59,9736292
110/07/20,396998,29.02,29.12,29.02,29.11,0.41,76,11540249
110/07/21,341199,29.29,29.40,29.26,29.28,0.17,34,9991120
110/07/22,365352,29.51,29.55,29.47,29.50,0.22,64,10773771
110/07/23,91727,29.54,29.54,29.42,29.48,0.02,49,2702722
110/07/26,51705,29.59,29.75,29.59,29.63,0.15,38,1534092
110/07/27,986597,29.18,29.18,29.02,29.02,0.61,64,28673365
110/07/28,921787,29.05,29.06,28.80,28.82,0.20,314,26605564
110/07/29,929088,29.41,29.54,29.41,29.49,0.67,172,27402308
110/07/30,410071,29.45,29.45,29.25,29.25,0.24,69,12009584
110/08/02,427337,29.42,29.44,29.38,29.44,0.19,62,12562747
110/08/03,366276,29.63,29.63,29.35,29.40,0.04,41,10768703
110/08/04,477309,29.75,29.83,29.73,29.73,0.33,94,14207992
110/08/05,744706,29.98,30.24,29.97,30.23,0.50,182,22464145
110/08/06,307731,30.51,30.75,30.51,30.72,0.49,195,9450030
110/08/09,230702,30.31,30.31,30.25,30.27,0.45,159,6983501
110/08/10,958006,30.85,31.16,30.85,31.14,0.87,175,29784972
110/08/11,620880,30.62,30.64,30.58,30.60,0.54,169,18999651
110/08/12,657365,30.10,30.10,29.76,29.80,0.80,176,19585035
110/08/13,134179,29.98,30.03,29.98,29.99,0.19,76,4026016
110/08/16,366594,29.92,30.02,29.92,30.00,0.01,70,10992743
110/08/17,392379,29.88,29.88,29.50,29.50,0.50,71,11592745
110/08/18,462042,30.16,30.22,30.13,30.21,0.71,100,13951736
110/08/19,416532,29.87,29.87,29.75,29.75,0.46,64,12395812
110/08/20,481540,29.34,29.34,29.15,29.18,0.57,95,14054193
110/08/23,452816,29.80,29.80,29.69,29.76,0.58,55,13468280
110/08/24,579660,30.28,30.50,30.28,30.46,0.70,135,17662939
110/08/25,386922,30.39,30.39,30.27,30.33,0.13,73,11727124
110/08/26,409330,30.32,30.45,30.32,30.43,0.10,62,12453192
110/08/27,425976,30.40,30.40,30.34,30.38,0.05,71,12936827
110/08/30,334595,30.38,30.38,30.23,30.27,0.11,39,10123157
110/08/31,384311,30.29,30.29,30.19,30.19,0.08,40,11616460
110/09/01,540001,30.30,30.30,30.26,30.28,0.09,31,16352560
110/09/02,450871,30.42,30.49,30.42,30.43,0.15,45,13728790
110/09/03,621097,30.70,30.81,30.70,30.79,0.36,109,19122458
110/09/06,610658,30.74,30.74,30.62,30.67,0.12,100,18728410
110/09/07,742177,30.67,30.70,30.63,30.67,0.00,31,22772133
110/09/08,641587,30.67,30.72,30.65,30.72,0.05,50,19677401
110/09/09,927631,30.53,30.53,30.34,30.35,0.37,99,28181911
110/09/10,713361,30.53,30.56,30.39,30.54,0.19,52,21755897
110/09/13,741605,30.54,30.54,30.29,30.36,0.18,57,22501932
110/09/14,988787,30.30,30.30,30.06,30.10,0.26,108,29765528
110/09/15,1076126,30.10,30.10,29.89,29.94,0.16,49,32223795
110/09/16,794335,30.23,30.24,30.16,30.20,0.26,51,23998868
110/09/17,843438,30.23,30.41,30.23,30.39,0.19,68,25631983
110/09/22,1137869,30.34,30.35,30.23,30.35,0.04,65,34421144
110/09/23,873183,30.38,30.38,30.28,30.28,0.07,36,26454539
110/09/24,1323283,30.60,31.19,30.60,31.01,0.73,657,41040527
110/09/27,1261450,30.17,30.17,30.03,30.07,0.94,478,37928893
110/09/28,979876,29.77,29.77,29.58,29.74,0.33,310,29103666
110/09/29,817877,29.10,29.10,29.00,29.01,0.73,351,23752253
110/09/30,913563,28.98,29.11,28.89,29.06,0.05,132,26492694
110/10/01,871500,28.95,28.95,28.72,28.80,0.26,230,25067823
110/10/04,1072758,28.51,28.51,28.22,28.27,0.53,280,30324425
110/10/05,900955,27.78,27.92,27.67,27.92,0.35,212,25103237
110/10/06,849105,27.93,27.96,27.75,27.78,0.14,160,23606258
110/10/07,603172,27.70,27.78,27.66,27.75,0.03,209,16723857
110/10/08,839670,27.80,27.95,27.80,27.93,0.18,119,23411853
110/10/12,676767,27.92,27.95,27.84,27.95,0.02,66,18874067
110/10/13,495891,28.05,28.05,27.93,27.95,0.00,64,13874304
110/10/14,425944,28.05,28.19,28.01,28.19,0.24,102,11981416
110/10/15,365340,28.45,28.48,28.38,28.48,0.29,55,10395910
110/10/18,587050,28.19,28.19,28.08,28.13,0.35,93,16502527
110/10/19,361628,27.90,27.90,27.81,27.89,0.24,111,10079170
110/10/20,422758,28.03,28.03,27.87,27.89,0.00,68,11798554
110/10/21,337665,28.00,28.00,27.92,27.92,0.03,51,9446655
110/10/22,485841,28.04,28.20,28.04,28.20,0.28,66,13686287
110/10/25,43046,28.12,28.12,28.00,28.02,0.18,53,1207768
110/10/26,564610,28.29,28.40,28.28,28.31,0.29,81,15979023
110/10/27,513405,28.32,28.32,28.14,28.25,0.06,97,14490695
110/10/28,410400,28.07,28.07,27.84,27.88,0.37,126,11431750
110/10/29,155449,28.23,28.26,28.23,28.24,0.36,45,4389923
110/11/01,431841,28.24,28.29,28.24,28.28,0.04,43,12208998
110/11/02,360719,28.52,28.59,28.46,28.57,0.29,57,10303731
110/11/03,419292,28.81,28.93,28.81,28.91,0.34,77,12118803
110/11/04,392330,29.27,29.32,29.21,29.32,0.41,166,11488565
110/11/05,410990,29.08,29.08,28.90,29.00,0.32,83,11910173
110/11/08,976856,28.23,28.30,28.04,28.11,0.89,276,27454587
110/11/09,311983,28.16,28.16,28.00,28.01,0.10,93,8744978
110/11/10,656884,27.85,27.85,27.67,27.70,0.31,210,18200928
110/11/11,151755,27.51,27.52,27.43,27.48,0.22,124,4168946
110/11/12,849620,27.36,27.51,27.34,27.51,0.03,67,23344600
110/11/15,656447,27.51,27.51,27.43,27.46,0.05,139,18020723
110/11/16,665473,27.43,27.43,27.34,27.37,0.09,196,18209804
110/11/17,452730,27.48,27.48,27.33,27.37,0.00,127,12389334
110/11/18,556493,27.37,27.42,27.32,27.42,0.05,103,15231957
110/11/19,343067,27.35,27.38,27.28,27.38,0.04,87,9384146
110/11/22,249365,27.40,27.53,27.40,27.50,0.12,73,6857265
110/11/23,522668,27.46,27.46,27.30,27.34,0.16,80,14285297
110/11/24,111929,27.34,27.34,27.16,27.16,0.18,154,3049724
110/11/25,605181,27.22,27.23,27.15,27.20,0.04,64,16450573
110/11/26,533786,27.20,27.21,27.06,27.14,0.06,145,14470108
110/11/29,473560,27.58,27.63,27.51,27.55,0.41,181,13046475
110/11/30,473620,27.53,27.53,27.32,27.34,0.21,90,12991273
110/12/01,224799,27.34,27.34,27.15,27.26,0.08,51,6115318
110/12/02,724326,26.96,26.96,26.50,26.59,0.67,209,19262339
110/12/03,441266,26.59,26.71,26.58,26.69,0.10,66,11766701
110/12/06,531179,26.50,26.50,26.06,26.16,0.53,189,13884236
110/12/07,495965,25.85,25.85,25.66,25.78,0.38,195,12752026
110/12/08,480935,26.43,26.58,26.39,26.58,0.80,112,12765845
110/12/09,176812,26.74,26.82,26.74,26.76,0.18,55,4732312
110/12/10,365803,26.50,26.50,26.22,26.34,0.42,73,9633559
110/12/13,392236,26.24,26.36,26.10,26.13,0.21,86,10252645
110/12/14,570320,26.39,26.45,26.39,26.45,0.32,80,15072193
110/12/15,122455,26.40,26.46,26.40,26.46,0.01,39,3236159
110/12/16,512208,26.79,26.96,26.79,26.95,0.49,94,13797915
110/12/17,442721,26.63,26.72,26.62,26.65,0.30,58,11799437
110/12/20,416552,27.10,27.23,27.06,27.06,0.41,71,11289134
110/12/21,445446,27.05,27.14,27.04,27.10,0.04,51,12073982
110/12/22,249997,27.08,27.09,27.05,27.09,0.01,37,6765209
110/12/23,164717,27.09,27.09,27.05,27.06,0.03,38,4457283
110/12/24,324187,27.07,27.10,27.02,27.03,0.03,62,8765897
110/12/27,385687,27.03,27.19,27.03,27.16,0.13,59,10479638
110/12/28,418261,27.00,27.00,26.80,26.80,0.36,112,11213765
110/12/29,217782,26.82,26.82,26.65,26.68,0.12,33,5808680
110/12/30,386920,26.68,26.69,26.66,26.69,0.01,38,10322906
111/01/03,429110,26.66,26.84,26.66,26.75,0.06,52,11482843
111/01/04,371807,26.66,26.71,26.63,26.70,0.05,65,9925893
111/01/05,390810,26.59,26.59,26.05,26.19,0.51,81,10243259
111/01/06,290321,25.69,25.69,25.30,25.35,0.84,237,7379423
111/01/07,340126,25.35,25.44,25.35,25.44,0.09,70,8635904
111/01/10,459048,25.43,25.43,25.05,25.14,0.30,170,11528791
111/01/11,474114,25.19,25.25,25.17,25.18,0.04,88,11948226
111/01/12,247293,25.30,25.47,25.30,25.47,0.29,47,6273310
111/01/13,521445,25.37,25.37,25.14,25.24,0.23,94,13145394
111/01/14,309478,24.94,24.94,24.65,24.80,0.44,165,7642803
111/01/17,270028,24.77,24.80,24.62,24.69,0.11,103,6665314
111/01/18,431359,24.69,24.69,24.57,24.63,0.06,152,10623249
111/01/19,492898,23.99,23.99,23.86,23.88,0.75,206,11781157
111/01/20,426523,23.58,23.74,23.57,23.73,0.15,102,10098202
111/01/21,402672,23.65,23.65,23.26,23.28,0.45,151,9382891
111/01/24,395649,23.26,23.26,23.15,23.18,0.10,87,9166662
111/01/25,520363,23.23,23.23,22.83,22.84,0.34,173,11919325
111/01/26,401901,22.85,22.98,22.85,22.94,0.10,80,9225858
111/02/07,359261,23.08,23.36,23.01,23.35,0.41,86,8356011
111/02/08,357263,23.62,23.62,23.56,23.59,0.24,67,8425681
111/02/09,353153,23.62,23.73,23.62,23.73,0.14,57,8360221
111/02/10,359822,23.95,24.07,23.95,24.07,0.34,68,8657741
111/02/11,303363,24.00,24.00,23.48,23.52,0.55,85,7142178
111/02/14,347040,23.59,23.59,23.31,23.40,0.12,46,8115591
111/02/15,421251,23.27,23.27,23.00,23.07,0.33,99,9723465
111/02/16,335488,23.27,23.42,23.27,23.37,0.30,42,7840751
111/02/17,319953,23.40,23.46,23.35,23.35,0.02,31,7479566
111/02/18,433524,23.10,23.10,22.90,23.03,0.32,96,9970003
111/02/21,228171,22.77,22.79,22.60,22.75,0.28,73,5184154
111/02/22,413853,22.66,22.66,22.22,22.26,0.49,105,9224181
111/02/23,343449,22.40,22.64,22.40,22.64,0.38,41,7766796
111/02/24,388903,22.47,22.47,21.57,21.57,1.07,215,8481514
111/02/25,456538,22.20,22.50,22.20,22.25,0.68,73,10186972
111/03/01,357580,22.61,22.82,22.61,22.78,0.53,60,8127310
111/03/02,206432,22.76,22.76,22.60,22.70,0.08,58,4681736
111/03/03,61749,22.87,22.92,22.82,22.86,0.16,44,1412574
111/03/04,624424,22.68,22.68,22.40,22.55,0.31,69,14076879
111/03/07,354457,22.43,22.43,22.07,22.17,0.38,66,7857012
111/03/08,395434,22.20,22.20,22.00,22.01,0.16,61,8735898
111/03/09,419428,22.31,22.35,22.20,22.24,0.23,39,9342161
111/03/10,359980,22.91,22.95,22.79,22.82,0.58,42,8229028
111/03/11,430362,22.78,22.78,22.56,22.57,0.25,29,9731830
111/03/14,190780,22.55,22.61,22.45,22.56,0.01,38,4295643
111/03/15,348740,22.31,22.39,22.29,22.38,0.18,58,7800035
111/03/16,367114,22.59,22.64,22.55,22.60,0.22,37,8301629
111/03/17,96789,23.00,23.35,23.00,23.27,0.67,73,2250969
111/03/18,826867,23.47,23.62,23.43,23.60,0.33,97,19500406
111/03/21,96503,24.00,24.03,23.94,23.96,0.36,94,2313483
111/03/22,677837,23.96,23.96,23.87,23.93,0.03,51,16194912
111/03/23,361875,24.32,24.39,24.32,24.36,0.43,60,8817882
111/03/24,331657,23.85,24.03,23.85,24.03,0.33,626,7963840
111/03/25,384635,24.26,24.35,24.26,24.32,0.29,49,9354203
111/03/28,198647,24.10,24.10,23.90,24.02,0.30,44,4770869
111/03/29,473805,24.15,24.24,24.15,24.21,0.19,33,11472285
111/03/30,457063,24.58,24.73,24.56,24.56,0.35,84,11252611
111/03/31,370288,24.42,24.44,24.41,24.43,0.13,36,9045407
111/04/01,332352,24.33,24.43,24.33,24.43,0.00,25,8118254
111/04/06,448245,24.78,24.90,24.78,24.84,0.41,86,11130875
111/04/07,503553,24.80,24.80,24.33,24.75,0.09,743,12433079
111/04/08,54881,24.75,25.13,24.75,25.10,0.35,59,1375857
111/04/11,364476,25.10,25.17,25.07,25.07,0.03,932,9154352
111/04/12,367834,24.80,24.86,24.78,24.84,0.23,1003,9134072
111/04/13,338935,24.84,24.87,24.71,24.72,0.12,918,8379374
111/04/14,407118,25.16,25.23,25.16,25.21,0.49,825,10264780
111/04/15,318424,25.16,25.16,24.90,24.94,0.27,981,7960009
111/04/18,162755,25.01,25.08,25.00,25.05,0.11,985,4076689
111/04/19,230940,24.59,24.59,24.49,24.51,0.54,192,5661497
111/04/20,189104,24.48,24.64,24.48,24.55,0.04,995,4647714
111/04/21,180034,24.72,24.79,24.72,24.79,0.24,914,4457956
111/04/22,204411,24.41,24.41,24.27,24.29,0.50,30,4964709
111/04/25,28637,23.61,23.67,23.59,23.63,0.66,708,675992
111/04/26,642054,24.07,24.13,24.03,24.10,0.47,775,15477617
111/04/27,334335,23.30,23.37,23.25,23.28,0.82,47,7801474
111/04/28,453332,23.25,23.29,23.18,23.25,0.03,1279,10539893
111/04/29,47242,23.21,23.21,23.10,23.16,0.09,867,1093025
111/05/03,171482,22.83,22.98,22.83,22.98,0.18,984,3932055
111/05/04,167677,23.12,23.12,23.00,23.04,0.06,937,3867366
111/05/05,226157,23.45,23.49,23.41,23.46,0.42,991,5303593
111/05/06,284349,23.16,23.16,22.59,22.65,0.81,1013,6442874
111/05/09,228034,22.01,22.01,21.70,21.79,0.86,92,4969400
111/05/10,287404,20.91,21.14,20.77,21.14,0.65,713,6048777
111/05/11,186137,21.31,21.42,21.31,21.42,0.28,698,3983377
111/05/12,271175,20.80,20.80,20.56,20.56,0.86,107,5607660
111/05/13,182493,21.16,21.36,21.16,21.34,0.78,846,3892954
111/05/16,560562,21.86,21.95,21.65,21.79,0.45,955,12190576
111/05/17,474122,21.90,22.09,21.90,22.09,0.30,527,10462354
111/05/18,491245,22.40,22.56,22.40,22.54,0.45,56,11071611
111/05/19,613908,22.09,22.12,21.96,22.06,0.48,812,13547393
111/05/20,470334,22.33,22.40,22.33,22.38,0.32,933,10525587
111/05/23,483227,22.44,22.65,22.44,22.59,0.21,902,10909961
111/05/24,496760,22.48,22.48,22.33,22.33,0.26,504,11117444
111/05/25,504506,22.33,22.33,22.22,22.28,0.05,972,11231584
111/05/26,481870,22.38,22.38,22.19,22.19,0.09,806,10693989
111/05/27,38530,22.20,22.27,22.16,22.24,0.05,714,854230
111/05/30,474091,22.69,22.74,22.60,22.65,0.41,765,10724028
111/05/31,168287,22.60,22.60,22.56,22.59,0.06,537,3797971
111/06/01,379374,22.23,22.23,22.06,22.11,0.48,995,8399267
111/06/02,315438,22.03,22.12,22.03,22.11,0.00,969,6976602
111/06/06,363797,22.33,22.54,22.27,22.30,0.19,34,8120571
111/06/07,123032,22.04,22.04,21.82,21.84,0.46,914,2690211
111/06/08,442978,22.31,22.56,22.31,22.42,0.58,1002,9952387
111/06/09,339410,22.61,22.68,22.60,22.60,0.18,933,7676850
111/06/10,437935,21.96,21.96,21.85,21.86,0.74,850,9578216
111/06/13,481484,21.35,21.35,21.00,21.03,0.83,629,10155868
111/06/14,472530,20.60,20.77,20.60,20.76,0.27,671,9790980
111/06/15,463897,20.69,20.70,20.59,20.59,0.17,1047,9571606
111/06/16,326506,21.11,21.15,21.00,21.00,0.41,891,6877123
111/06/17,315688,20.71,20.82,20.64,20.82,0.18,185,6570264
111/06/20,415140,21.20,21.45,21.20,21.35,0.53,1028,8857284
111/06/21,332995,21.51,21.60,21.46,21.58,0.23,647,7169173
111/06/22,400203,21.58,21.76,21.56,21.59,0.01,1034,8645491
111/06/23,364234,22.09,22.13,22.00,22.07,0.48,49,8044881
111/06/24,488735,22.84,22.99,22.84,22.97,0.90,525,11220635
111/06/27,400253,23.16,23.23,23.11,23.20,0.23,1007,9281106
111/06/28,245761,23.14,23.14,22.96,22.99,0.21,733,5650869
111/06/29,362947,22.67,22.67,22.53,22.56,0.43,585,8200085
111/06/30,214877,22.73,22.90,22.72,22.90,0.34,1019,4906490
111/07/01,340430,22.64,22.64,22.43,22.43,0.47,167,7655117
111/07/04,409072,22.91,23.18,22.90,23.09,0.66,973,9443760
111/07/05,367549,23.28,23.31,23.27,23.30,0.21,59,8562940
111/07/06,139834,23.78,23.80,23.69,23.74,0.44,607,3320732
111/07/07,378116,23.79,23.91,23.78,23.90,0.16,460,9028637
111/07/08,470764,23.94,24.41,23.94,24.24,0.34,1006,11442374
111/07/11,433589,24.34,24.39,24.25,24.26,0.02,937,10522841
111/07/12,420448,23.95,24.00,23.92,23.93,0.33,448,10064429
111/07/13,460444,23.95,24.14,23.93,24.08,0.15,880,11080080
111/07/14,336402,23.97,24.02,23.97,24.01,0.07,331,8076492
111/07/15,342367,23.72,23.80,23.72,23.74,0.27,982,8139231
111/07/18,386397,23.80,24.19,23.80,24.18,0.44,521,9330339
111/07/19,438207,23.58,23.63,23.58,23.61,0.57,973,10348005
111/07/20,388522,24.27,24.27,24.18,24.25,0.64,742,9420193
111/07/21,380120,24.23,24.24,24.19,24.24,0.01,1003,9202545
111/07/22,431853,24.24,24.25,24.20,24.24,0.00,781,10469614
111/07/25,219439,23.74,23.74,23.64,23.68,0.56,55,5198335
111/07/26,411635,23.74,23.83,23.74,23.83,0.15,275,9794525
111/07/27,617481,23.83,23.93,23.81,23.92,0.09,961,14768185
111/07/28,14276,23.93,24.02,23.93,24.02,0.10,614,341959
111/07/29,328816,24.02,24.14,23.99,24.09,0.07,656,7920122
111/08/01,649619,23.73,23.80,23.73,23.75,0.34,752,15446427
111/08/02,500278,23.42,23.47,23.42,23.44,0.31,146,11730982
111/08/03,56442,23.58,23.66,23.58,23.65,0.21,18,1335120
111/08/04,675257,24.45,24.50,24.45,24.49,0.84,101,16535842
111/08/05,82972,24.91,25.07,24.91,25.01,0.52,1005,2074280
111/08/08,718517,25.29,25.42,25.29,25.42,0.41,388,18228926
111/08/09,498176,25.42,25.48,25.33,25.38,0.04,883,12640680
111/08/10,695316,25.24,25.27,25.19,25.19,0.19,781,17537432
111/08/11,161403,25.61,25.62,25.58,25.58,0.39,866,4131729
111/08/12,340336,25.39,25.41,25.36,25.40,0.18,977,8643136
111/08/15,339568,25.56,25.62,25.56,25.59,0.19,935,8689253
111/08/16,706864,25.95,26.00,25.95,26.00,0.41,888,18376721
111/08/17,732805,25.67,25.67,25.61,25.63,0.37,126,18788195
111/08/18,441045,25.13,25.16,25.12,25.16,0.47,771,11089378
111/08/19,362033,24.85,24.85,24.79,24.80,0.36,870,8984406
111/08/22,320646,24.69,24.70,24.68,24.70,0.10,647,7916323
111/08/23,370062,24.45,24.48,24.42,24.42,0.28,958,9050642
111/08/24,406853,24.46,24.51,24.44,24.51,0.09,498,9953932
111/08/25,450989,24.92,24.97,24.92,24.94,0.43,1007,11240761
111/08/26,411337,24.85,24.89,24.82,24.88,0.06,874,10227312
111/08/29,559518,24.05,24.05,23.86,23.97,0.91,556,13397109
111/08/30,417461,23.97,24.06,23.97,24.05,0.08,676,10032157
111/08/31,416482,23.86,23.91,23.83,23.91,0.14,71,9949097
111/09/01,483339,23.73,23.79,23.73,23.79,0.12,987,11477512
111/09/02,451115,24.34,24.40,24.34,24.40,0.61,1022,10997344
111/09/05,421761,24.17,24.22,24.10,24.21,0.19,47,10204821
111/09/06,612682,24.11,24.40,23.70,24.30,0.09,332,14876925
111/09/07,292227,23.95,23.98,23.88,23.90,0.40,815,6987458
111/09/08,449053,24.59,24.59,24.51,24.55,0.65,992,11013973
111/09/12,523917,25.53,25.53,25.44,25.45,0.90,625,13342055
111/09/13,386852,25.51,25.53,25.50,25.50,0.05,227,9867949
111/09/14,281684,24.60,24.63,24.54,24.60,0.90,527,6931469
111/09/15,441966,24.95,24.99,24.91,24.91,0.31,989,11028799
111/09/16,481550,24.95,25.08,24.95,25.07,0.16,543,12059051
111/09/19,355615,25.05,25.07,24.99,25.05,0.02,340,8893935
111/09/20,324246,24.78,24.86,24.75,24.82,0.23,921,8046251
111/09/21,235178,24.64,24.64,24.50,24.54,0.28,928,5775442
111/09/22,581157,24.38,24.38,23.95,24.01,0.53,849,13944812
111/09/23,420043,24.10,24.10,23.95,23.95,0.06,29,10079693
111/09/26,408612,23.89,23.93,23.78,23.78,0.17,523,9750585
111/09/27,336989,23.62,23.65,23.61,23.63,0.15,500,7965377
111/09/28,431022,23.73,23.83,23.61,23.67,0.04,981,10215040
111/09/29,476606,24.77,24.81,24.70,24.78,1.11,639,11809185
111/09/30,604441,24.48,24.48,24.33,24.35,0.43,811,14724930
111/10/03,533536,24.32,24.40,24.32,24.36,0.01,93,13003025
111/10/04,410716,24.86,24.86,24.77,24.86,0.50,63,10189879
111/10/05,373971,25.23,25.23,25.09,25.09,0.23,38,9395717
111/10/06,519308,25.22,25.33,25.21,25.27,0.18,222,13140946
111/10/07,225938,25.19,25.26,25.19,25.26,0.01,284,5703192
111/10/11,433001,24.55,24.68,24.55,24.63,0.63,1013,10665661
111/10/12,377216,24.83,24.86,24.79,24.86,0.23,789,9369360
111/10/13,472379,24.96,24.98,24.92,24.92,0.06,610,11790716
111/10/14,366297,25.30,25.49,25.30,25.44,0.52,1013,9325928
111/10/17,376637,25.12,25.18,25.12,25.16,0.28,996,9471805
111/10/18,585351,25.59,25.77,25.58,25.76,0.60,598,15046941
111/10/19,74867,25.69,25.70,25.66,25.67,0.09,441,1921814
111/10/20,164037,24.45,24.85,24.38,24.85,0.82,998,4033870
111/10/21,395649,24.68,24.76,24.68,24.70,0.15,731,9793375
111/10/24,315620,25.44,25.49,25.40,25.43,0.73,857,8034065
111/10/25,850619,25.67,25.73,25.67,25.71,0.28,996,21864520
111/10/26,583773,25.85,26.40,25.85,26.19,0.48,947,15303745
111/10/27,170531,26.47,26.48,26.39,26.39,0.20,692,4505424
111/10/28,452105,25.96,26.11,25.96,26.09,0.30,606,11785943
111/10/31,536337,26.90,26.98,26.86,26.98,0.89,162,14449366
111/11/01,464835,26.87,26.95,26.87,26.92,0.06,1054,12506879
111/11/02,710976,26.96,27.01,26.92,27.00,0.08,1056,19163097
111/11/03,378266,26.60,26.76,26.60,26.76,0.24,748,10107231
111/11/04,385418,26.65,26.68,26.62,26.68,0.08,474,10269095
111/11/07,374682,26.64,26.64,26.48,26.60,0.08,1041,9956217
111/11/08,345858,26.55,26.61,26.50,26.56,0.04,198,9183168
111/11/09,504786,26.79,26.84,26.75,26.78,0.22,666,13519158
111/11/10,389191,26.49,26.49,26.46,26.48,0.30,582,10301339
111/11/11,373612,27.09,27.10,26.90,26.92,0.44,889,10058545
111/11/14,389368,26.96,26.96,26.61,26.62,0.30,760,10379394
111/11/15,423179,26.63,26.80,26.63,26.80,0.18,419,11327525
111/11/16,146371,26.82,26.91,26.79,26.88,0.08,663,3933754
111/11/17,432942,26.66,26.66,26.62,26.62,0.26,328,11533975
111/11/18,351270,26.78,26.78,26.62,26.62,0.00,439,9366906
111/11/21,334805,26.79,26.79,26.75,26.76,0.14,430,8965487
111/11/22,348552,26.72,26.72,26.68,26.69,0.07,990,9302838
111/11/23,576050,26.90,26.97,26.86,26.93,0.24,1038,15504047
111/11/24,344531,26.90,26.90,26.73,26.74,0.19,812,9209584
111/11/25,337547,26.70,26.70,26.55,26.55,0.19,727,8974885
111/11/28,39018,26.48,26.54,26.46,26.50,0.05,842,1033044
111/11/29,42035,26.50,26.64,26.50,26.51,0.01,767,1113987
111/11/30,468839,26.42,26.46,26.39,26.40,0.11,576,12381077
111/12/01,526036,27.01,27.05,26.93,26.98,0.58,235,14186188
111/12/02,357620,26.98,26.98,26.96,26.97,0.01,1010,9643959
111/12/05,379258,27.11,27.35,27.11,27.22,0.25,843,10326690
111/12/06,348906,26.85,26.85,26.76,26.76,0.46,932,9345212
111/12/07,314981,26.41,26.45,26.41,26.43,0.33,206,8321806
111/12/08,482112,26.64,26.66,26.57,26.65,0.22,1028,12842246
111/12/09,367113,26.82,26.91,26.81,26.86,0.21,993,9871683
111/12/12,30271,26.34,26.34,26.31,26.34,0.52,726,796612
111/12/13,615670,26.70,26.70,26.56,26.59,0.25,870,16370092
111/12/14,371555,27.00,27.00,26.91,26.91,0.32,192,10003503
111/12/15,452899,27.06,27.07,27.00,27.00,0.09,855,12233510
111/12/16,342095,26.63,26.68,26.60,26.63,0.37,789,9115733
111/12/19,333052,26.46,26.48,26.45,26.45,0.18,996,8812237
111/12/20,318688,26.04,26.06,25.85,25.85,0.60,995,8277281
111/12/21,125699,26.35,26.36,26.30,26.36,0.51,333,3310580
111/12/22,340229,26.62,26.62,26.58,26.58,0.22,764,9045886
111/12/23,550632,26.53,26.63,26.53,26.61,0.03,991,14643481
111/12/26,354896,26.44,26.49,26.39,26.43,0.18,85,9380440
111/12/27,325284,26.36,26.36,26.28,26.33,0.10,728,8554808
111/12/28,337181,25.64,25.66,25.61,25.66,0.67,608,8644692
111/12/29,311112,25.58,25.59,25.55,25.58,0.08,978,7957621
111/12/30,322149,25.94,26.02,25.94,26.02,0.44,748,8374760
112/01/03,530096,26.13,26.20,26.13,26.20,0.18,562,13868278
112/01/04,368456,25.88,25.90,25.87,25.90,0.30,1043,9538536
112/01/05,493515,26.06,26.13,26.06,26.10,0.20,1032,12878521
112/01/06,324551,26.17,26.26,26.17,26.24,0.14,336,8515068
112/01/09,342504,26.51,26.51,26.41,26.45,0.21,396,9059421
112/01/10,378466,25.77,25.77,25.66,25.69,0.76,372,9725313
112/01/11,430626,26.17,26.17,26.00,26.02,0.33,443,11209329
112/01/12,374650,26.23,26.23,26.13,26.19,0.17,759,9798942
112/01/13,349129,26.52,26.54,26.47,26.47,0.28,692,9245748
112/01/16,346165,26.55,26.61,26.54,26.54,0.07,869,9188572
112/01/17,507999,26.56,26.70,26.56,26.70,0.16,522,13507845
112/01/30,321265,26.61,26.61,26.39,26.39,0.31,547,8516430
112/01/31,333069,26.27,26.27,25.99,26.15,0.24,197,8695445
112/02/01,372227,26.35,26.35,26.20,26.20,0.05,976,9764822
112/02/02,310814,25.98,26.05,25.97,26.00,0.20,1040,8089059
112/02/03,351837,26.08,26.13,26.06,26.06,0.06,687,9176551
112/02/06,311814,26.12,26.17,26.05,26.08,0.02,341,8132444
112/02/07,317514,26.20,26.20,26.12,26.16,0.08,125,8304500
112/02/08,326450,26.16,26.20,26.12,26.20,0.04,988,8550980
112/02/09,376645,25.83,25.83,25.66,25.66,0.54,717,9672451
112/02/10,359958,25.57,25.59,25.57,25.59,0.07,619,9207072
112/02/13,342957,25.72,25.74,25.67,25.73,0.14,448,8825379
112/02/14,306421,25.99,26.04,25.99,26.02,0.29,293,7972739
112/02/15,340411,26.00,26.00,25.98,25.98,0.04,800,8846605
112/02/16,349003,26.10,26.18,26.07,26.09,0.11,583,9104912
112/02/17,22381,25.76,25.76,25.70,25.71,0.38,118,575347
112/02/20,521884,26.10,26.12,26.06,26.11,0.40,446,13620313
112/02/21,342507,26.06,26.09,26.03,26.08,0.03,161,8928570
112/02/22,423737,25.70,25.78,25.65,25.67,0.41,962,10884570
112/02/23,351254,25.74,25.74,25.63,25.65,0.02,884,9007271
112/02/24,307004,25.43,25.50,25.42,25.50,0.15,614,7821984
112/03/01,318665,25.50,25.51,25.34,25.49,0.01,1017,8127799
112/03/02,332046,25.31,25.39,25.30,25.34,0.15,887,8420030
112/03/03,307463,25.45,25.45,25.35,25.39,0.05,744,7806294
112/03/06,329500,25.59,25.67,25.59,25.66,0.27,492,8451322
112/03/07,316361,25.50,25.50,25.46,25.46,0.20,309,8060353
112/03/08,104547,25.20,25.24,25.18,25.24,0.22,22,2634687
112/03/09,323080,25.11,25.14,25.07,25.14,0.10,678,8121371
112/03/10,371812,24.44,24.63,24.44,24.55,0.59,917,9114534
112/03/13,324567,24.55,24.57,24.52,24.56,0.01,740,7967906
112/03/14,365017,24.65,24.81,24.65,24.80,0.24,267,9044730
112/03/15,352293,24.65,24.84,24.65,24.83,0.03,595,8745597
112/03/16,63340,24.93,25.04,24.93,25.00,0.17,827,1581623
112/03/17,308527,24.90,24.97,24.89,24.96,0.04,925,7699488
112/03/20,348596,24.75,24.75,24.71,24.74,0.22,728,8623241
112/03/21,341715,24.75,24.80,24.65,24.75,0.01,671,8469837
112/03/22,304241,24.70,24.73,24.70,24.72,0.03,973,7520127
112/03/23,334262,24.50,24.50,24.12,24.26,0.46,1017,8097458
112/03/24,331298,24.39,24.46,24.39,24.45,0.19,982,8095383
112/03/27,358847,24.74,24.77,24.70,24.71,0.26,960,8869854
112/03/28,317344,24.71,24.76,24.69,24.76,0.05,837,7849965
112/03/29,308151,24.79,24.83,24.79,24.80,0.04,928,7650383
112/03/30,326102,25.11,25.20,25.11,25.20,0.40,990,8207495
112/03/31,312689,24.99,24.99,24.97,24.99,0.21,992,7812981
112/04/06,492419,25.72,25.80,25.48,25.49,0.50,1026,12575634
112/04/07,319031,25.69,25.71,25.64,25.64,0.15,126,8183102
112/04/10,377836,25.64,25.70,25.64,25.68,0.04,987,9696569
112/04/11,342012,25.61,25.62,25.58,25.62,0.06,121,8760941
112/04/12,399527,25.60,25.63,25.60,25.60,0.02,965,10236850
112/04/13,311106,25.60,25.61,25.57,25.60,0.00,615,7963860
112/04/14,336388,25.99,26.01,25.97,25.97,0.37,837,8742006
112/04/17,310739,25.89,25.89,25.86,25.88,0.09,28,8041763
112/04/18,331835,26.08,26.08,26.05,26.07,0.19,461,8650029
112/04/19,314483,26.00,26.00,25.96,25.99,0.08,906,8172296
112/04/20,322690,26.03,26.04,26.02,26.04,0.05,996,8398735
112/04/21,316640,26.00,26.03,25.94,26.00,0.04,840,8231822
112/04/24,418619,26.26,26.31,26.26,26.27,0.27,991,10997958
112/04/25,331411,26.37,26.37,26.19,26.19,0.08,965,8679965
112/04/26,327974,26.13,26.13,25.91,25.91,0.28,818,8509919
112/04/27,314763,25.70,25.70,25.58,25.63,0.28,471,8063848
112/04/28,311639,25.67,25.75,25.67,25.75,0.12,980,8011690
112/05/02,316418,25.80,26.02,25.80,26.00,0.25,20,8226589
112/05/03,306992,25.89,25.89,25.75,25.78,0.22,849,7913668
112/05/04,398391,25.86,25.86,25.83,25.84,0.06,182,10299581
112/05/05,342332,25.80,25.80,25.75,25.79,0.05,18,8818873
112/05/08,325856,26.22,26.26,26.18,26.20,0.41,666,8533846
112/05/09,307369,26.09,26.09,25.98,26.02,0.18,218,7994455
112/05/10,336402,26.15,26.20,26.15,26.15,0.13,654,8806178
112/05/11,335117,26.15,26.21,26.15,26.21,0.06,626,8782348
112/05/12,305981,26.08,26.09,26.03,26.03,0.18,953,7978822
112/05/15,343302,26.04,26.06,26.02,26.06,0.03,756,8935289
112/05/16,65849,26.22,26.33,26.22,26.29,0.23,1019,1732004
112/05/17,329867,25.76,25.77,25.73,25.75,0.54,356,8494085
112/05/18,12828,25.75,25.80,25.75,25.80,0.05,791,330026
112/05/19,315529,25.67,25.68,25.63,25.65,0.15,981,8089679
112/05/22,343112,25.76,25.80,25.75,25.80,0.15,842,8848205
112/05/23,368495,25.75,25.95,25.75,25.88,0.08,913,9543277
112/05/24,338166,25.97,25.97,25.92,25.92,0.04,87,8769651
112/05/25,457001,25.62,26.00,25.57,25.61,0.31,950,11697974
112/05/26,331294,25.28,25.28,25.19,25.22,0.39,827,8348703
112/05/29,333486,25.25,25.25,25.10,25.17,0.05,484,8392642
112/05/30,348800,25.12,25.13,25.08,25.12,0.05,951,8760245
112/05/31,321305,24.97,25.04,24.97,25.00,0.12,983,8040558
112/06/01,317364,25.14,25.20,25.12,25.12,0.12,979,7986641
112/06/02,328650,25.12,25.18,25.12,25.14,0.02,968,8268530
112/06/05,325343,25.26,25.66,25.26,25.60,0.46,36,8340391
112/06/06,317391,25.70,25.75,25.69,25.75,0.15,844,8168661
112/06/07,308177,25.67,25.71,25.67,25.71,0.04,616,7919450
112/06/08,388940,25.71,25.71,25.63,25.63,0.08,984,9977622
112/06/09,415946,25.75,25.82,25.74,25.82,0.19,991,10733292
112/06/12,317065,25.71,25.74,25.67,25.73,0.09,659,8151011
112/06/13,329020,25.85,25.88,25.85,25.88,0.15,300,8514315
112/06/14,331063,26.01,26.11,26.01,26.10,0.22,144,8642669
112/06/15,335287,25.95,25.95,25.91,25.95,0.15,22,8699396
112/06/16,354354,26.23,26.23,26.20,26.22,0.27,931,9293205
112/06/19,321865,26.17,26.20,26.12,26.20,0.02,533,8425411
112/06/20,317598,26.21,26.21,26.16,26.16,0.04,346,8314666
112/06/21,314660,26.18,26.18,26.17,26.17,0.01,969,8234259
112/06/26,312737,25.85,25.88,25.80,25.88,0.29,779,8086596
112/06/27,395207,25.52,25.57,25.45,25.57,0.31,500,10095288
112/06/28,309057,25.27,25.36,25.27,25.36,0.21,983,7827850
112/06/29,307346,25.37,25.43,25.37,25.40,0.04,20,7806718
112/06/30,341252,25.30,25.32,25.20,25.32,0.08,990,8636015
112/07/03,423683,25.52,25.60,25.52,25.54,0.22,987,10821396
112/07/04,330584,25.40,25.46,25.36,25.46,0.08,48,8408039
112/07/05,210972,25.46,25.46,25.36,25.36,0.10,763,5364365
112/07/06,312829,25.50,25.54,25.50,25.52,0.16,884,7982749
112/07/07,387528,25.25,25.34,25.25,25.34,0.18,712,9810481
112/07/10,329671,25.06,25.17,25.00,25.13,0.21,956,8295034
112/07/11,322658,25.52,25.58,25.52,25.52,0.39,187,8246005
112/07/12,327000,25.49,25.57,25.49,25.56,0.04,954,8359056
112/07/13,335742,25.68,25.68,25.55,25.59,0.03,857,8590074
112/07/14,315878,25.51,25.51,25.45,25.49,0.10,67,8052104
112/07/17,321505,25.52,25.60,25.50,25.59,0.10,32,8225908
112/07/18,315876,25.50,25.57,25.49,25.57,0.02,267,8075776
112/07/19,319502,25.66,25.78,25.66,25.78,0.21,984,8234681
112/07/20,10969,25.91,25.91,25.88,25.89,0.11,786,283213
112/07/21,36195,25.89,25.95,25.89,25.95,0.06,572,937403
112/07/24,427393,25.95,26.30,25.95,26.24,0.29,931,11207680
112/07/25,342408,26.18,26.18,25.81,25.83,0.41,393,8843136
112/07/26,332637,25.81,25.83,25.72,25.74,0.09,739,8573506
112/07/27,375805,25.65,25.67,25.57,25.59,0.15,717,9629759
112/07/28,359052,25.51,25.59,25.51,25.57,0.02,960,9177695
112/07/31,413106,26.06,26.17,26.03,26.03,0.46,990,10755929
112/08/01,352887,26.11,26.11,26.06,26.09,0.06,858,9201637
112/08/02,308325,25.90,25.90,25.83,25.87,0.22,863,7975487
112/08/04,302971,26.36,26.36,25.80,25.80,0.07,12,7817286
112/08/07,306614,26.15,26.15,25.88,25.88,0.08,119,7935576
112/08/08,319886,25.74,25.82,25.74,25.82,0.06,417,8247769
112/08/09,313720,26.06,26.06,25.95,25.95,0.13,974,8140557
112/08/10,328378,26.03,26.08,26.00,26.00,0.05,654,8540155
112/08/11,304997,26.01,26.03,26.01,26.03,0.03,517,7935776
112/08/14,372399,26.09,26.34,26.09,26.25,0.22,989,9784212
112/08/15,323893,26.22,26.22,26.19,26.22,0.03,233,8485913
112/08/16,310018,26.19,26.20,26.17,26.19,0.03,882,8113901
112/08/17,315307,25.87,25.87,25.78,25.83,0.36,614,8143735
112/08/18,307481,25.67,25.81,25.67,25.80,0.03,790,7921913
112/08/21,380592,25.80,25.89,25.80,25.89,0.09,977,9828364
112/08/22,386962,26.13,26.13,26.11,26.12,0.23,193,10106510
112/08/23,321233,26.25,26.29,26.25,26.28,0.16,962,8444314
112/08/24,311841,26.20,26.25,26.20,26.25,0.03,699,8179061
112/08/25,307438,26.25,26.25,25.98,25.99,0.26,934,7988548
112/08/28,359700,26.25,26.25,26.16,26.22,0.23,736,9417035
112/08/29,309674,26.27,26.27,26.24,26.27,0.05,1010,8127771
112/08/30,332738,26.37,26.45,26.37,26.45,0.18,1004,8798987
112/08/31,337109,26.46,26.50,26.46,26.49,0.04,943,8931987
112/09/01,322963,26.45,26.45,26.25,26.26,0.23,977,8478262
112/09/04,316337,26.30,26.53,26.30,26.51,0.25,803,8388506
112/09/05,323786,26.51,26.51,26.49,26.51,0.00,220,8580040
112/09/06,313432,26.50,26.57,26.20,26.24,0.27,911,8218900
112/09/07,344225,26.07,26.14,26.07,26.07,0.17,650,8983347
112/09/08,305534,26.09,26.11,26.09,26.11,0.04,919,7977305
112/09/11,309014,26.18,26.25,26.18,26.25,0.14,975,8101409
112/09/12,467663,26.25,26.29,26.25,26.28,0.03,99,12288598
112/09/13,305345,26.27,26.28,26.22,26.28,0.00,863,8018022
112/09/14,318206,26.05,26.16,26.02,26.16,0.12,526,8289879
112/09/15,324055,26.21,26.24,26.15,26.22,0.06,30,8487230
112/09/18,313331,26.02,26.05,25.99,26.00,0.22,892,8142955
112/09/19,313514,25.74,25.75,25.72,25.74,0.26,608,8063223
112/09/20,314152,25.80,25.82,25.79,25.82,0.08,657,8110499
112/09/21,306117,25.71,25.72,25.71,25.72,0.10,554,7869874
112/09/22,335085,25.59,25.59,25.53,25.55,0.17,907,8555066
112/09/25,357151,25.84,25.85,25.45,25.45,0.10,949,9094063
112/09/26,331147,25.45,25.45,25.34,25.34,0.11,213,8414157
112/09/27,328333,25.51,25.65,25.51,25.60,0.26,329,8402260
112/09/28,315241,25.60,25.68,25.60,25.65,0.05,964,8094066
112/10/02,306936,25.59,25.59,25.52,25.52,0.13,939,7838665
112/10/03,322502,25.25,25.25,25.18,25.23,0.29,601,8136044
112/10/04,319407,25.15,25.15,25.00,25.03,0.20,342,7991111
112/10/05,366127,25.17,25.17,25.05,25.05,0.02,979,9181208
112/10/06,309897,25.33,25.50,25.33,25.45,0.40,573,7892485
112/10/11,208221,25.63,25.63,25.49,25.56,0.11,861,5321776
112/10/12,261444,25.66,25.71,25.65,25.65,0.09,171,6720492
112/10/13,209310,25.47,25.47,25.28,25.34,0.31,707,5299710
112/10/16,210123,25.63,25.63,25.44,25.47,0.13,607,5345845
112/10/17,224121,25.64,25.65,25.62,25.62,0.15,606,5745481
112/10/18,341185,25.68,25.69,25.54,25.54,0.08,792,8751991
112/10/19,207924,25.17,25.17,25.10,25.11,0.43,933,5218950
112/10/20,289606,24.77,24.77,24.62,24.69,0.42,779,7145909
112/10/23,213476,24.68,24.68,24.51,24.51,0.18,492,5238574
112/10/24,220230,24.50,24.50,24.23,24.27,0.24,485,5347376
112/10/25,215095,24.50,24.55,24.50,24.52,0.25,14,5278177
112/10/26,254281,24.46,24.46,24.23,24.23,0.29,695,6165964
112/10/27,244295,24.27,24.28,24.25,24.28,0.05,806,5929318
112/10/30,272844,23.63,23.90,23.60,23.68,0.60,953,6450403
112/10/31,219656,23.68,23.81,23.68,23.80,0.12,715,5220223
112/11/01,204166,23.89,23.91,23.89,23.91,0.11,929,4877756
112/11/02,212565,24.24,24.24,24.18,24.21,0.30,710,5142237
112/11/03,205563,24.35,24.45,24.35,24.41,0.20,12,5015672
112/11/06,224104,24.70,25.06,24.70,24.78,0.37,423,5566289
112/11/07,212162,24.71,24.79,24.71,24.75,0.03,681,5249506
112/11/08,214734,24.95,24.95,24.52,24.88,0.13,931,5330443
112/11/09,207163,24.79,24.79,24.54,24.57,0.31,972,5083539
112/11/10,270633,24.48,24.48,23.81,23.88,0.69,769,6465688
112/11/13,207362,23.95,24.01,23.91,23.95,0.07,438,4957937
112/11/14,106955,23.91,23.97,23.91,23.97,0.02,23,2557454
112/11/15,336023,24.25,24.33,24.22,24.26,0.29,982,8154656
112/11/16,229188,24.32,24.32,24.17,24.21,0.05,888,5540099
112/11/17,220338,24.02,24.02,23.94,23.98,0.23,922,5274863
112/11/20,222402,24.10,24.10,24.01,24.04,0.06,744,5344663
112/11/21,219107,24.11,24.11,24.05,24.06,0.02,69,5270909
112/11/22,214958,23.99,23.99,23.84,23.96,0.10,946,5140235
112/11/23,211759,23.99,23.99,23.97,23.98,0.02,976,5077060
112/11/24,210372,23.99,24.00,23.99,24.00,0.02,564,5046303
112/11/27,250585,24.05,24.11,24.05,24.08,0.08,992,6033948
112/11/28,241966,24.04,24.04,23.92,23.97,0.11,348,5795324
112/11/29,230221,23.96,23.96,23.74,23.77,0.20,845,5474116
112/11/30,215550,23.88,23.91,23.88,23.91,0.14,1104,5150252
112/12/01,283799,24.14,24.30,24.14,24.30,0.39,872,6884604
112/12/04,229102,24.52,24.62,24.52,24.60,0.30,837,5624123
112/12/05,234362,24.71,24.90,24.71,24.85,0.25,460,5826691
112/12/06,232020,24.91,24.93,24.86,24.93,0.08,714,5777907
112/12/07,242215,25.00,25.07,25.00,25.02,0.09,965,6065674
112/12/08,210262,25.03,25.05,25.01,25.04,0.02,932,5261889
112/12/11,371091,24.93,24.97,24.90,24.91,0.13,871,9248160
112/12/12,333796,25.03,25.09,25.01,25.09,0.18,293,8358288
112/12/13,229662,25.37,25.47,25.37,25.47,0.38,786,5842776
112/12/14,431833,26.46,26.46,26.25,26.27,0.80,608,11347403
112/12/15,368078,26.40,26.44,26.30,26.40,0.13,1039,9694298
112/12/18,292212,26.38,26.38,26.34,26.37,0.03,862,7702668
112/12/19,378994,26.28,26.31,26.22,26.23,0.14,928,9948276
112/12/20,158975,26.52,26.55,26.49,26.52,0.29,870,4214574
112/12/21,224671,25.96,25.96,25.84,25.87,0.65,175,5812512
112/12/22,316630,26.07,26.07,25.99,26.04,0.17,949,8230953
112/12/25,240362,26.60,26.68,26.60,26.63,0.59,1011,6393873
112/12/26,336708,26.71,26.71,26.57,26.57,0.06,319,8957047
112/12/27,235918,26.75,26.77,26.69,26.71,0.14,229,6301645
112/12/28,354662,27.07,27.07,26.82,26.87,0.16,1012,9524029
112/12/29,322597,26.97,27.00,26.96,26.96,0.09,677,8703169
113/01/02,223091,26.70,26.85,26.70,26.83,0.13,91,5984935
113/01/03,448874,27.32,27.45,27.32,27.45,0.62,197,12305317
113/01/04,228955,27.30,27.36,27.29,27.30,0.15,101,6250397
113/01/05,239345,27.48,27.49,27.42,27.46,0.16,110,6566819
113/01/08,229593,27.48,27.48,27.33,27.38,0.08,103,6281527
113/01/09,535245,27.86,27.94,27.86,27.90,0.52,197,14933896
113/01/10,252562,27.97,27.99,27.95,27.96,0.06,118,7064952
113/01/11,543463,27.95,27.97,27.91,27.91,0.05,91,15190540
113/01/12,417131,27.67,27.67,27.57,27.60,0.31,123,11513938
113/01/15,304715,27.64,27.85,27.64,27.84,0.24,101,8479367
113/01/16,262034,27.72,27.87,27.72,27.87,0.03,98,7287203
113/01/17,348055,27.73,27.78,27.69,27.77,0.10,82,9658396
113/01/18,245128,27.69,27.69,27.61,27.61,0.16,88,6779195
113/01/19,258082,27.46,27.46,27.37,27.38,0.23,81,7070166
113/01/22,232147,27.51,27.51,27.45,27.46,0.08,103,6373869
113/01/23,282016,27.45,27.45,27.37,27.45,0.01,76,7731762
113/01/24,238619,27.59,27.61,27.58,27.60,0.15,81,6582442
113/01/25,207736,27.34,27.34,27.18,27.20,0.40,99,5651689
113/01/26,317500,27.40,27.46,27.35,27.35,0.15,71,8696285
113/01/29,212206,27.38,27.39,27.36,27.37,0.02,82,5806040
113/01/30,306638,27.71,27.76,27.69,27.76,0.39,113,8498736
113/01/31,468630,27.55,27.66,27.53,27.66,0.10,84,12923083
113/02/01,261974,27.32,27.39,27.32,27.37,0.29,21,7163685
113/02/02,212228,27.55,27.59,27.54,27.54,0.17,68,5845056
113/02/05,589152,27.12,27.24,27.12,27.20,0.34,107,16016836
113/02/15,232303,27.42,27.42,27.17,27.31,0.11,108,6336570
113/02/16,324790,27.64,27.70,27.63,27.66,0.35,115,8983222
113/02/19,244712,27.62,27.62,27.56,27.59,0.07,89,6749043
113/02/20,294156,27.45,27.54,27.45,27.54,0.05,88,8093347
113/02/21,277359,27.53,27.53,27.50,27.53,0.01,77,7628363
113/02/22,232924,27.66,27.67,27.64,27.66,0.13,81,6441380
113/02/23,265288,27.91,27.97,27.91,27.97,0.31,116,7416294
113/02/26,321912,28.11,28.13,28.05,28.12,0.15,127,9051641
113/02/27,319180,28.40,28.44,28.39,28.41,0.29,137,9071502
113/02/29,467338,28.41,28.61,28.41,28.56,0.15,85,13329691
113/03/01,364220,27.80,27.82,27.71,27.75,0.81,146,10118375
113/03/04,348015,28.27,28.27,28.16,28.18,0.43,112,9812294
113/03/05,402895,27.88,27.88,27.79,27.83,0.35,107,11203711
113/03/06,212761,27.83,27.83,27.77,27.81,0.02,85,5914491
113/03/07,389833,27.64,27.71,27.61,27.70,0.11,142,10781175
113/03/08,243857,27.70,27.77,27.70,27.71,0.01,53,6763603
113/03/11,272747,27.82,27.83,27.79,27.79,0.08,97,7582576
113/03/12,194246,27.86,27.92,27.86,27.92,0.13,84,5418594
113/03/13,230640,27.70,27.73,27.70,27.72,0.20,83,6391491
113/03/14,150249,27.89,27.89,27.84,27.86,0.14,112,4186745
113/03/15,259043,27.34,27.44,27.34,27.44,0.42,123,7096940
113/03/18,235756,27.40,27.54,27.40,27.54,0.10,105,6486437
113/03/19,225807,27.37,27.42,27.31,27.42,0.12,103,6184115
113/03/20,297677,27.59,27.62,27.58,27.60,0.18,116,8220791
113/03/21,194615,27.89,27.92,27.83,27.92,0.32,79,5426389
113/03/22,280153,28.00,28.02,27.98,28.01,0.09,82,7842437
113/03/25,270706,27.87,27.91,27.72,27.73,0.28,94,7511126
113/03/26,213981,27.79,27.86,27.77,27.86,0.13,77,5957517
113/03/27,135029,27.87,27.94,27.87,27.92,0.06,71,3769824
113/03/28,470570,28.25,28.25,28.14,28.18,0.26,97,13261686
113/03/29,205705,28.17,28.18,28.17,28.17,0.01,80,5794589
113/04/01,390494,28.20,28.21,28.19,28.19,0.02,88,11010289
113/04/02,270552,27.94,27.99,27.94,27.95,0.24,84,7562682
113/04/03,343552,27.36,27.40,27.30,27.30,0.65,97,9399595
