新光金乙特,	2888B
日期,成交股數,開盤價,最高價,最低價,收盤價,漲跌價差,成交筆數,成交金額
109/09/04,4059375,43.85,44.35,43.85,44.20,0.00,1548,179150540
109/09/07,4378026,44.20,44.20,43.85,43.90,0.30,1013,192499829
109/09/08,3243815,43.90,43.90,43.45,43.60,0.30,1125,141691046
109/09/09,939181,43.55,43.65,43.50,43.55,0.05,415,40920139
109/09/10,577261,43.55,43.65,43.50,43.50,0.05,346,25148667
109/09/11,1041786,43.50,43.55,43.30,43.35,0.15,540,45254618
109/09/14,2107884,43.35,43.40,42.95,43.00,0.35,927,90857171
109/09/15,902244,43.00,43.25,42.90,43.20,0.20,510,38765237
109/09/16,502258,42.95,43.35,42.85,43.05,0.15,365,21607880
109/09/17,256035,43.00,43.15,42.95,43.05,0.00,170,11023597
109/09/18,349160,43.05,43.10,43.00,43.05,0.00,250,15033043
109/09/21,275703,43.00,43.10,42.95,42.95,0.10,193,11854206
109/09/22,342213,42.90,42.95,42.85,42.90,0.05,185,14686340
109/09/23,346901,42.95,42.95,42.90,42.90,0.00,201,14884936
109/09/24,1027383,42.90,42.95,42.80,42.85,0.05,317,44057902
109/09/25,387878,42.90,42.95,42.85,42.85,0.00,191,16634359
109/09/28,238963,42.85,43.00,42.85,42.90,0.05,163,10248559
109/09/29,113457,42.90,43.10,42.90,43.05,0.15,110,4880941
109/09/30,243514,43.05,43.90,42.95,43.90,0.85,179,10595982
109/10/05,102843,43.50,43.50,43.15,43.40,0.50,80,4465418
109/10/06,195518,43.40,43.40,43.05,43.15,0.25,102,8440349
109/10/07,84089,43.10,43.20,43.10,43.15,0.00,75,3627345
109/10/08,199361,43.20,43.30,43.05,43.10,0.05,92,8604742
109/10/12,143593,43.10,43.10,42.95,43.00,0.10,93,6175249
109/10/13,232205,43.00,43.00,42.85,42.90,0.10,123,9970515
109/10/14,109719,42.90,43.00,42.85,42.90,0.00,84,4705125
109/10/15,59380,42.90,42.90,42.85,42.85,0.05,65,2544578
109/10/16,81888,42.85,42.90,42.85,42.85,0.00,77,3509492
109/10/19,149943,42.85,42.90,42.80,42.85,0.00,101,6425000
109/10/20,307681,42.80,42.85,42.80,42.80,0.05,114,13174825
109/10/21,203647,42.85,42.85,42.80,42.85,0.05,109,8717382
109/10/22,170482,42.80,42.80,42.70,42.75,0.10,128,7290124
109/10/23,268836,42.70,42.75,42.60,42.70,0.05,127,11473741
109/10/26,432237,42.70,42.75,42.50,42.55,0.15,216,18413668
109/10/27,209121,42.50,42.55,42.45,42.45,0.10,166,8883074
109/10/28,290902,42.45,42.45,42.30,42.30,0.15,200,12315017
109/10/29,415364,42.20,42.30,42.10,42.30,0.00,193,17512972
109/10/30,621580,42.25,42.85,42.25,42.85,0.55,249,26459244
109/11/02,350261,42.50,42.55,42.15,42.20,0.65,150,14803497
109/11/03,318824,42.15,42.20,42.15,42.15,0.05,134,13442300
109/11/04,388257,42.15,42.15,42.05,42.10,0.05,138,16349660
109/11/05,232280,42.10,42.15,42.05,42.05,0.05,104,9772559
109/11/06,367524,42.05,42.05,41.95,42.00,0.05,185,15437780
109/11/09,312170,42.00,42.00,41.90,41.90,0.10,164,13095219
109/11/10,351578,41.90,42.15,41.90,42.05,0.15,165,14773287
109/11/11,259636,42.05,42.15,42.00,42.10,0.05,132,10930432
109/11/12,364719,42.10,42.15,42.05,42.10,0.00,96,15354969
109/11/13,280095,42.10,42.25,42.10,42.20,0.10,72,11803426
109/11/16,221576,42.20,42.25,42.10,42.20,0.00,100,9351117
109/11/17,287298,42.20,42.25,42.15,42.20,0.00,141,12124817
109/11/18,239945,42.20,42.20,42.10,42.15,0.05,117,10114207
109/11/19,162583,42.15,42.15,42.05,42.10,0.05,97,6846533
109/11/20,262829,42.10,42.10,42.00,42.05,0.05,128,11049084
109/11/23,410097,42.05,42.05,42.00,42.05,0.00,158,17231611
109/11/24,288459,42.05,42.05,41.95,42.00,0.05,133,12116931
109/11/25,226577,41.95,42.00,41.95,41.95,0.05,140,9506568
109/11/26,149128,41.95,42.00,41.90,41.95,0.00,84,6255729
109/11/27,242801,41.95,42.00,41.95,42.00,0.05,134,10194297
109/11/30,467274,42.00,42.25,42.00,42.25,0.25,204,19661533
109/12/01,80877,42.05,42.15,42.05,42.05,0.20,79,3401972
109/12/02,101620,42.05,42.10,42.05,42.05,0.00,61,4273363
109/12/03,149647,42.05,42.20,42.00,42.15,0.10,112,6299313
109/12/04,284591,42.15,42.30,42.15,42.20,0.05,99,12001512
109/12/07,120589,42.20,42.25,42.20,42.25,0.05,101,5092935
109/12/08,314314,42.25,42.25,42.20,42.20,0.05,104,13269632
109/12/09,233699,42.20,42.25,42.15,42.20,0.00,104,9862052
109/12/10,205165,42.15,42.20,42.10,42.10,0.10,111,8646629
109/12/11,177081,42.10,42.15,42.00,42.00,0.10,119,7448806
109/12/14,299597,42.00,42.05,41.95,41.95,0.05,107,12581257
109/12/15,314816,41.95,41.95,41.90,41.90,0.05,148,13195596
109/12/16,151532,41.90,41.95,41.85,41.95,0.05,72,6349470
109/12/17,71977,41.95,42.00,41.90,41.95,0.00,87,3018024
109/12/18,59340,41.95,42.00,41.90,41.95,0.00,65,2491157
109/12/21,74642,41.95,42.00,41.90,42.00,0.05,80,3133136
109/12/22,184446,41.95,42.15,41.95,42.00,0.00,102,7759912
109/12/23,121366,42.00,42.10,41.95,42.10,0.10,92,5100966
109/12/24,125194,42.05,42.10,42.05,42.10,0.00,68,5269909
109/12/25,136414,42.10,42.15,42.10,42.10,0.00,87,5743776
109/12/28,211947,42.00,42.30,42.00,42.15,0.05,97,8946301
109/12/29,355095,42.20,42.35,42.20,42.30,0.15,97,15016298
109/12/30,179888,42.25,42.40,42.20,42.40,0.10,104,7613860
109/12/31,177819,42.40,42.45,42.30,42.35,0.05,89,7534301
110/01/04,137655,42.25,42.35,42.20,42.25,0.10,61,5817897
110/01/05,116255,42.20,42.30,42.15,42.30,0.05,101,4909247
110/01/06,191104,42.30,42.30,42.20,42.25,0.05,84,8075885
110/01/07,159337,42.25,42.30,42.20,42.30,0.05,97,6733397
110/01/08,158416,42.30,42.35,42.25,42.30,0.00,92,6700663
110/01/11,157414,42.30,42.35,42.25,42.25,0.05,87,6656744
110/01/12,169263,42.25,42.40,42.25,42.30,0.05,89,7164199
110/01/13,141235,42.30,42.30,42.25,42.25,0.05,69,5970362
110/01/14,236498,42.25,42.35,42.25,42.35,0.10,110,10005690
110/01/15,92442,42.30,42.30,42.25,42.25,0.10,76,3908906
110/01/18,149828,42.25,42.30,42.15,42.25,0.00,88,6331131
110/01/19,172128,42.25,42.25,42.05,42.25,0.00,82,7261841
110/01/20,342160,42.10,42.15,41.90,42.00,0.25,145,14390059
110/01/21,268300,42.00,42.20,42.00,42.20,0.20,140,11306150
110/01/22,153260,42.10,42.15,42.05,42.10,0.10,82,6451908
110/01/25,306674,42.00,42.05,41.95,42.00,0.10,84,12879750
110/01/26,306221,42.00,42.05,41.80,41.80,0.20,135,12828663
110/01/27,194809,41.90,41.90,41.75,41.75,0.05,80,8153466
110/01/28,517348,41.75,41.75,41.65,41.65,0.10,132,21568416
110/01/29,208505,41.70,41.70,41.50,41.55,0.10,84,8684605
110/02/01,319938,41.60,41.70,41.55,41.55,0.00,84,13310429
110/02/02,307079,41.55,41.60,41.50,41.60,0.05,111,12760524
110/02/03,350837,41.55,41.60,41.45,41.50,0.10,103,14568186
110/02/04,262409,41.50,41.50,41.35,41.40,0.10,100,10874268
110/02/05,175895,41.40,41.45,41.35,41.35,0.05,100,7279284
110/02/17,355918,41.40,41.40,41.30,41.35,0.00,132,14715061
110/02/18,442437,41.35,41.35,41.15,41.25,0.10,163,18241408
110/02/19,225967,41.20,41.20,41.10,41.15,0.10,115,9297313
110/02/22,117562,41.15,41.20,41.10,41.20,0.05,118,4839720
110/02/23,107094,41.20,41.20,41.15,41.20,0.00,83,4410204
110/02/24,106736,41.20,41.30,41.10,41.15,0.05,90,4396876
110/02/25,125353,41.20,41.20,41.20,41.20,0.05,75,5164553
110/02/26,167594,41.20,41.25,41.15,41.25,0.05,84,6910649
110/03/02,281726,41.30,41.65,41.30,41.60,0.35,116,11708986
110/03/03,124998,41.50,41.80,41.50,41.65,0.05,80,5210938
110/03/04,98108,41.65,41.80,41.65,41.80,0.15,72,4096782
110/03/05,142440,41.80,41.85,41.75,41.75,0.05,87,5952455
110/03/08,159650,41.80,41.85,41.80,41.80,0.05,95,6674460
110/03/09,165215,41.80,41.95,41.80,41.90,0.10,95,6917947
110/03/10,106933,41.95,41.95,41.85,41.90,0.00,75,4480530
110/03/11,257653,41.95,42.00,41.90,42.00,0.10,115,10810505
110/03/12,170381,42.00,42.00,41.85,41.95,0.05,116,7144257
110/03/15,86295,41.95,42.00,41.95,41.95,0.00,45,3620089
110/03/16,303697,41.95,42.00,41.90,42.00,0.05,124,12749468
110/03/17,138055,42.00,42.05,42.00,42.00,0.00,74,5799260
110/03/18,60547,42.05,42.10,42.05,42.10,0.10,70,2547299
110/03/19,519719,42.05,42.05,41.75,41.80,0.30,147,21782435
110/03/22,198924,41.90,42.00,41.85,41.85,0.05,81,8333192
110/03/23,101655,41.85,42.00,41.85,41.90,0.05,70,4262975
110/03/24,78419,41.90,42.05,41.90,41.95,0.05,70,3292015
110/03/25,71146,41.95,42.00,41.95,42.00,0.05,72,2986971
110/03/26,95765,42.00,42.00,41.95,42.00,0.00,104,4019616
110/03/29,410343,42.00,42.00,41.90,42.00,0.00,107,17213269
110/03/30,187696,41.95,41.95,41.90,41.95,0.05,75,7868615
110/03/31,312708,41.95,42.05,41.85,41.90,0.05,120,13108666
110/04/01,457814,41.90,41.90,41.80,41.80,0.10,154,19155918
110/04/06,308613,41.85,41.95,41.80,41.85,0.05,116,12917366
110/04/07,248033,41.80,41.85,41.80,41.85,0.00,57,10379206
110/04/08,209172,41.80,41.85,41.75,41.85,0.00,92,8743527
110/04/09,174042,41.80,41.80,41.75,41.80,0.05,88,7274059
110/04/12,106113,41.80,41.80,41.75,41.75,0.05,111,4432313
110/04/13,80051,41.75,41.80,41.75,41.80,0.05,83,3345298
110/04/14,74201,41.80,41.80,41.75,41.75,0.05,60,3100257
110/04/15,58371,41.75,41.85,41.75,41.80,0.05,61,2439483
110/04/16,71191,41.80,41.85,41.80,41.80,0.00,70,2976108
110/04/19,118572,41.80,41.85,41.80,41.80,0.00,106,4959461
110/04/20,60107,41.85,41.85,41.80,41.85,0.05,66,2513893
110/04/21,96407,41.85,41.85,41.80,41.80,0.05,76,4030632
110/04/22,140827,41.80,41.85,41.75,41.85,0.05,116,5887783
110/04/23,184080,41.85,41.90,41.80,41.90,0.05,86,7705176
110/04/26,124979,41.95,41.95,41.80,41.85,0.05,99,5227026
110/04/27,94170,41.85,41.85,41.80,41.80,0.05,69,3937273
110/04/28,110916,41.80,41.85,41.75,41.80,0.00,115,4634397
110/04/29,212466,41.80,41.80,41.75,41.75,0.05,106,8871460
110/05/03,77456,41.75,41.80,41.75,41.75,0.00,62,3234027
110/05/04,161927,41.75,41.75,41.65,41.65,0.10,126,6752956
110/05/05,118961,41.65,41.70,41.60,41.70,0.05,63,4954005
110/05/06,68431,41.65,41.70,41.65,41.65,0.05,59,2850868
110/05/07,131007,41.65,41.85,41.65,41.80,0.15,81,5470738
110/05/10,141100,41.75,41.80,41.75,41.80,0.00,68,5897137
110/05/11,102930,41.75,41.80,41.70,41.70,0.10,74,4294491
110/05/12,344407,41.65,41.65,41.20,41.35,0.35,210,14280968
110/05/13,157004,41.30,41.40,41.15,41.30,0.05,87,6482075
110/05/14,90363,41.30,41.35,41.25,41.25,0.05,54,3732502
110/05/17,219492,41.00,41.05,40.80,40.85,0.40,163,8983170
110/05/18,205229,40.85,41.10,40.85,41.10,0.25,105,8400973
110/05/19,43824,41.05,41.10,41.00,41.05,0.05,35,1798423
110/05/20,111510,41.05,41.05,40.90,41.00,0.05,53,4570581
110/05/21,62055,41.00,41.10,41.00,41.10,0.10,30,2549806
110/05/24,344257,41.05,41.05,40.95,41.00,0.10,80,14117745
110/05/25,414228,41.00,41.05,40.90,40.95,0.05,114,16965416
110/05/26,770119,40.95,40.95,40.80,40.90,0.05,184,31459629
110/05/27,737202,40.85,41.20,40.80,40.80,0.10,115,30160060
110/05/28,303845,40.85,40.90,40.75,40.90,0.10,135,12400218
110/05/31,334534,40.90,41.15,40.85,41.15,0.25,122,13695363
110/06/01,160557,41.20,41.20,40.95,41.00,0.15,74,6588668
110/06/02,508854,41.00,41.00,40.85,40.95,0.05,100,20828808
110/06/03,73628,40.95,41.05,40.95,41.00,0.05,50,3016921
110/06/04,352629,41.00,41.05,40.85,40.90,0.10,80,14427093
110/06/07,148506,40.95,40.95,40.85,40.90,0.00,41,6076293
110/06/08,71527,40.90,40.95,40.90,40.90,0.00,40,2926002
110/06/09,83746,40.90,41.00,40.85,40.95,0.05,58,3427628
110/06/10,56391,41.00,41.00,40.95,40.95,0.00,33,2310055
110/06/11,39313,40.95,41.00,40.95,40.95,0.00,39,1610592
110/06/15,308761,41.00,41.00,40.85,40.95,0.00,84,12628571
110/06/16,258045,40.95,41.00,40.85,40.85,0.10,96,10551121
110/06/17,55031,40.95,40.95,40.80,40.90,0.05,44,2248726
110/06/18,273032,40.90,40.90,40.80,40.80,0.10,56,11153351
110/06/21,457264,40.80,40.90,40.70,40.70,0.10,174,18634909
110/06/22,98693,40.75,41.00,40.75,40.95,0.25,62,4032544
110/06/23,77071,40.95,41.00,40.85,40.90,0.05,43,3152075
110/06/24,53754,40.95,41.10,40.90,40.95,0.05,37,2201888
110/06/25,147101,40.95,41.00,40.90,40.90,0.05,67,6021036
110/06/28,54918,40.85,40.95,40.85,40.95,0.05,82,2245932
110/06/29,105673,40.95,40.95,40.85,40.85,0.10,77,4320026
110/06/30,147760,40.90,40.90,40.80,40.80,0.05,80,6035310
110/07/01,67376,40.85,40.90,40.80,40.85,0.05,59,2752521
110/07/02,109941,40.90,40.95,40.85,40.85,0.00,53,4493431
110/07/05,77155,40.85,40.90,40.85,40.85,0.00,46,3153693
110/07/06,225986,40.90,40.90,40.80,40.80,0.05,82,9234373
110/07/07,290037,40.85,40.90,40.80,40.80,0.00,123,11844926
110/07/08,331728,40.85,40.85,40.80,40.80,0.00,106,13536803
110/07/09,258943,40.80,40.85,40.75,40.75,0.05,99,10557691
110/07/12,99334,40.80,40.90,40.80,40.80,0.05,70,4055617
110/07/13,350638,40.80,41.00,40.75,40.80,0.00,98,14308026
110/07/14,587908,40.80,40.80,40.70,40.70,0.10,191,23951608
110/07/15,297400,40.70,40.75,40.70,40.75,0.05,100,12107875
110/07/16,199612,40.75,40.80,40.70,40.75,0.00,71,8135031
110/07/19,425080,40.75,40.85,40.70,40.75,0.00,122,17312715
110/07/20,695763,40.70,40.75,40.60,40.65,0.10,178,28297202
110/07/21,243509,40.75,41.00,40.70,40.75,0.10,69,9926159
110/07/22,223170,40.80,41.00,40.75,40.80,0.05,77,9124324
110/07/23,87697,40.80,40.85,40.80,40.85,0.05,57,3580796
110/07/26,326923,40.90,41.05,40.85,40.90,0.05,117,13386265
110/07/27,236723,40.90,40.90,40.80,40.85,0.05,81,9668928
110/07/28,332980,40.85,40.85,40.80,40.80,0.05,98,13596663
110/07/29,233599,40.40,40.50,40.35,40.40,0.00,112,9436964
110/07/30,380835,40.50,40.70,40.45,40.70,0.30,144,15451234
110/08/02,98091,40.75,40.75,40.65,40.65,0.05,76,3991094
110/08/03,111053,40.60,40.65,40.60,40.65,0.00,62,4510403
110/08/04,96979,40.60,40.65,40.60,40.60,0.05,63,3937736
110/08/05,225309,40.55,40.55,40.50,40.55,0.05,107,9129224
110/08/06,107262,40.50,40.50,40.45,40.45,0.10,62,4342259
110/08/09,153027,40.45,40.50,40.40,40.45,0.00,73,6189078
110/08/10,160768,40.45,40.45,40.40,40.40,0.05,62,6498211
110/08/11,252229,40.40,40.45,40.35,40.40,0.00,110,10189619
110/08/12,104114,40.45,40.45,40.40,40.40,0.00,47,4206751
110/08/13,6686491,40.40,40.40,40.30,40.35,0.05,97,273993465
110/08/16,162903,40.35,40.35,40.25,40.30,0.05,105,6561553
110/08/17,121401,40.30,40.30,40.25,40.30,0.00,70,4890373
110/08/18,168565,40.30,40.30,40.20,40.30,0.00,74,6783222
110/08/19,289860,40.25,40.25,40.05,40.05,0.25,194,11634348
110/08/20,323676,40.10,40.15,40.00,40.10,0.05,141,12976916
110/08/23,436066,40.10,40.20,40.05,40.15,0.05,100,17502581
110/08/24,443502,40.15,40.20,40.15,40.20,0.05,94,17807160
110/08/25,260375,40.25,40.25,40.20,40.25,0.05,81,10475732
110/08/26,182440,40.25,40.45,40.25,40.45,0.20,103,7366501
110/08/27,126434,40.50,40.65,40.50,40.60,0.15,86,5128002
110/08/30,362714,40.65,40.65,40.50,40.65,0.05,86,14701099
110/08/31,190505,40.60,40.70,40.50,40.70,0.05,85,7727700
110/09/01,78410,40.70,40.80,40.70,40.80,0.10,53,3194871
110/09/02,54887,40.70,40.80,40.70,40.70,0.10,43,2236915
110/09/03,65417,40.70,40.75,40.70,40.70,0.00,57,2664298
110/09/06,121054,40.70,40.70,40.55,40.60,0.10,81,4918204
110/09/07,67746,40.60,41.00,40.60,40.75,0.15,37,2761087
110/09/08,113886,40.75,40.85,40.75,40.75,0.00,58,4645580
110/09/09,55987,40.80,40.80,40.75,40.80,0.05,23,2284251
110/09/10,64291,40.80,40.90,40.75,40.75,0.05,49,2623728
110/09/13,56522,40.80,40.85,40.80,40.80,0.05,33,2306978
110/09/14,158542,40.85,40.90,40.80,40.80,0.00,52,6469229
110/09/15,65741,40.80,40.85,40.75,40.85,0.05,41,2680971
110/09/16,45846,40.85,40.85,40.75,40.80,0.05,39,1870416
110/09/17,220582,40.80,40.85,40.75,40.75,0.05,33,8994916
110/09/22,225166,40.75,40.85,40.70,40.85,0.10,49,9183109
110/09/23,53121,40.80,40.85,40.80,40.85,0.00,39,2168667
110/09/24,162476,40.80,41.00,40.80,41.00,0.15,113,6649331
110/09/27,116543,41.00,41.05,40.90,40.90,0.10,64,4777464
110/09/28,13559,40.95,41.00,40.95,41.00,0.10,26,555605
110/09/29,81789,40.95,41.05,40.90,41.05,0.05,43,3349755
110/09/30,190347,41.00,41.35,41.00,41.35,0.30,106,7826208
110/10/01,56156,41.30,41.30,41.05,41.05,0.30,47,2307633
110/10/04,83557,41.05,41.10,41.00,41.05,0.00,46,3430942
110/10/05,64071,41.00,41.15,41.00,41.10,0.05,44,2632512
110/10/06,50021,41.10,41.60,41.10,41.15,0.05,39,2061861
110/10/07,90312,41.20,41.45,41.20,41.30,0.15,58,3731590
110/10/08,20238,41.30,41.30,41.25,41.30,0.00,21,835659
110/10/12,29235,41.30,41.30,41.20,41.20,0.10,24,1205257
110/10/13,156250,41.20,41.20,41.05,41.10,0.10,68,6424998
110/10/14,193449,41.10,41.15,41.10,41.15,0.05,43,7952092
110/10/15,203069,41.15,41.25,41.15,41.20,0.05,38,8366418
110/10/18,44467,41.20,41.30,41.20,41.30,0.10,42,1835644
110/10/19,83137,41.35,41.40,41.35,41.40,0.10,61,3439116
110/10/20,59057,41.40,41.45,41.40,41.45,0.05,45,2447391
110/10/21,73124,41.45,41.50,41.45,41.50,0.05,54,3032469
110/10/22,145086,41.50,41.60,41.50,41.60,0.10,102,6027795
110/10/25,89092,41.60,41.65,41.50,41.65,0.05,47,3703340
110/10/26,90532,41.60,41.70,41.60,41.70,0.05,62,3772302
110/10/27,243335,41.70,41.90,41.70,41.85,0.15,116,10168552
110/10/28,234695,41.90,42.10,41.90,42.00,0.15,122,9852738
110/10/29,100205,42.00,42.00,41.95,42.00,0.00,53,4206753
110/11/01,96255,42.05,42.10,42.00,42.10,0.10,70,4049049
110/11/02,78819,42.10,42.15,42.05,42.10,0.00,59,3318633
110/11/03,106778,42.10,42.15,42.05,42.15,0.05,45,4496917
110/11/04,184213,42.15,42.25,42.15,42.20,0.05,74,7771902
110/11/05,67275,42.15,42.20,42.10,42.15,0.05,42,2835406
110/11/08,60670,42.10,42.10,42.00,42.10,0.05,56,2551061
110/11/09,32713,42.00,42.15,42.00,42.15,0.05,34,1375851
110/11/10,23973,42.10,42.10,42.05,42.10,0.05,42,1008993
110/11/11,45087,42.05,42.10,42.00,42.10,0.00,38,1895805
110/11/12,21954,42.00,42.10,42.00,42.10,0.00,36,923766
110/11/15,35440,42.10,42.15,42.05,42.15,0.05,49,1491954
110/11/16,41970,42.10,42.15,42.00,42.10,0.05,46,1766065
110/11/17,142293,42.15,42.20,42.15,42.20,0.10,95,5999039
110/11/18,34162,42.20,42.20,42.15,42.20,0.00,41,1439965
110/11/19,236638,42.20,42.30,42.15,42.25,0.05,102,9990652
110/11/22,206834,42.25,42.40,42.25,42.40,0.15,88,8761474
110/11/23,181163,42.40,42.40,42.35,42.35,0.05,74,7678318
110/11/24,104397,42.35,42.45,42.35,42.40,0.05,64,4426273
110/11/25,55437,42.40,42.45,42.35,42.45,0.05,43,2350917
110/11/26,70200,42.35,42.40,42.20,42.30,0.15,38,2970250
110/11/29,56211,42.20,42.35,42.20,42.35,0.05,44,2374580
110/11/30,59454,42.30,42.50,42.25,42.50,0.15,40,2522310
110/12/01,20363,42.45,42.45,42.35,42.35,0.15,26,863785
110/12/02,52170,42.35,42.40,42.30,42.40,0.05,34,2209877
110/12/03,93035,42.35,42.40,42.35,42.35,0.05,32,3941032
110/12/06,12534,42.35,42.35,42.30,42.30,0.05,20,530710
110/12/07,103571,42.35,42.40,42.35,42.40,0.10,41,4388614
110/12/08,37707,42.40,42.45,42.40,42.40,0.00,28,1598788
110/12/09,64580,42.40,42.45,42.40,42.45,0.05,45,2739058
110/12/10,100416,42.45,42.50,42.40,42.40,0.05,40,4262407
110/12/13,101820,42.40,42.50,42.40,42.45,0.05,60,4323688
110/12/14,163831,42.45,42.55,42.45,42.55,0.10,54,6964642
110/12/15,152046,42.55,42.65,42.55,42.65,0.10,54,6478052
110/12/16,71930,42.65,42.65,42.60,42.60,0.05,42,3067475
110/12/17,53483,42.60,42.65,42.55,42.60,0.00,39,2279592
110/12/20,81246,42.60,42.60,42.55,42.60,0.00,37,3459968
110/12/21,116302,42.55,42.65,42.55,42.60,0.00,49,4956664
110/12/22,59036,42.55,42.60,42.55,42.60,0.00,37,2514175
110/12/23,60760,42.55,42.60,42.55,42.60,0.00,38,2588066
110/12/24,166811,42.60,42.65,42.55,42.60,0.00,41,7106413
110/12/27,179742,42.60,42.70,42.60,42.70,0.10,72,7672386
110/12/28,209908,42.70,42.80,42.70,42.80,0.10,101,8977435
110/12/29,10335,42.80,42.80,42.70,42.75,0.05,19,441768
110/12/30,136310,42.70,42.85,42.70,42.85,0.10,80,5833122
111/01/03,208920,42.85,43.05,42.85,43.00,0.15,93,8977236
111/01/04,114410,43.00,43.05,42.95,42.95,0.05,46,4919465
111/01/05,114775,42.95,43.00,42.90,43.00,0.05,43,4930779
111/01/06,93488,43.00,43.00,42.85,43.00,0.00,37,4016809
111/01/07,205313,42.90,43.00,42.90,42.95,0.05,60,8818358
111/01/10,81818,42.95,43.05,42.95,43.00,0.05,29,3518535
111/01/11,75957,43.00,43.10,43.00,43.10,0.10,42,3271137
111/01/12,115393,43.10,43.20,43.10,43.20,0.10,76,4980327
111/01/13,187232,43.20,43.40,43.20,43.40,0.20,102,8114721
111/01/14,177934,43.40,43.45,43.20,43.30,0.10,76,7716338
111/01/17,94289,43.30,43.30,43.20,43.25,0.05,66,4077661
111/01/18,92185,43.30,43.35,43.30,43.30,0.05,52,3991772
111/01/19,34466,43.30,43.35,43.30,43.30,0.00,32,1492433
111/01/20,57169,43.30,43.35,43.30,43.35,0.05,35,2477409
111/01/21,101238,43.30,43.30,43.20,43.20,0.15,56,4378729
111/01/24,109216,43.05,43.15,43.05,43.10,0.10,63,4707865
111/01/25,134924,43.15,43.15,43.00,43.10,0.00,61,5812225
111/01/26,64708,43.10,43.15,43.05,43.15,0.05,36,2789729
111/02/07,109989,43.15,43.40,43.15,43.35,0.20,48,4763199
111/02/08,38585,43.35,43.40,43.30,43.35,0.00,33,1672160
111/02/09,65343,43.35,43.35,43.30,43.35,0.00,45,2831389
111/02/10,56535,43.35,43.35,43.30,43.35,0.00,41,2449987
111/02/11,56883,43.30,43.35,43.30,43.35,0.00,36,2464008
111/02/14,72700,43.35,43.35,43.25,43.35,0.00,43,3148263
111/02/15,277234,43.35,43.55,43.35,43.50,0.15,90,12043145
111/02/16,61576,43.55,43.60,43.50,43.50,0.00,47,2680683
111/02/17,54384,43.55,43.60,43.55,43.60,0.10,43,2369442
111/02/18,104058,43.60,43.70,43.60,43.65,0.05,69,4540696
111/02/21,173170,43.65,43.70,43.65,43.70,0.05,1048,7561228
111/02/22,73763,43.70,43.70,43.65,43.70,0.00,226,3222194
111/02/23,43209,43.65,43.75,43.65,43.70,0.00,38,1888341
111/02/24,467447,43.70,43.70,43.40,43.60,0.10,132,20352824
111/02/25,879957,43.60,43.75,43.60,43.75,0.15,409,38453684
111/03/01,79082,43.65,43.75,43.55,43.65,0.10,47,3451687
111/03/02,256627,43.55,43.60,43.45,43.50,0.15,72,11162277
111/03/03,159074,43.50,43.60,43.50,43.50,0.00,40,6927309
111/03/04,208593,43.50,43.55,43.50,43.50,0.00,49,9078871
111/03/07,765406,43.50,43.50,43.00,43.10,0.40,132,33168609
111/03/08,346421,43.00,43.00,42.75,42.80,0.30,92,14852085
111/03/09,99877,42.85,43.00,42.80,43.00,0.20,55,4287334
111/03/10,75209,43.05,43.10,43.05,43.10,0.10,57,3239767
111/03/11,50039,43.05,43.05,43.00,43.00,0.10,21,2152727
111/03/14,102538,43.00,43.00,42.85,43.00,0.00,40,4402747
111/03/15,101902,42.95,42.95,42.70,42.80,0.20,49,4361299
111/03/16,94834,42.80,42.85,42.70,42.75,0.05,65,4057464
111/03/17,158701,42.75,42.85,42.70,42.75,0.00,86,6785961
111/03/18,54082,42.75,42.80,42.75,42.75,0.00,28,2312330
111/03/21,75194,42.75,42.80,42.70,42.70,0.05,54,3213111
111/03/22,123481,42.70,42.70,42.60,42.60,0.10,42,5262238
111/03/23,114056,42.60,42.70,42.60,42.60,0.00,76,4861043
111/03/24,115319,42.65,42.65,42.60,42.60,0.00,41,4918012
111/03/25,126131,42.60,42.60,42.50,42.55,0.05,48,5367631
111/03/28,85428,42.55,42.60,42.50,42.55,0.00,26,3635060
111/03/29,149677,42.60,42.75,42.50,42.60,0.05,65,6365214
111/03/30,256874,42.60,42.60,42.55,42.55,0.05,64,10938474
111/03/31,77345,42.60,42.80,42.60,42.80,0.25,34,3301038
111/04/01,108825,42.80,42.80,42.65,42.70,0.10,35,4648543
111/04/06,76169,42.85,42.85,42.70,42.70,0.00,43,3257577
111/04/07,80376,42.75,42.75,42.70,42.70,0.00,41,3433065
111/04/08,29027,42.70,42.80,42.70,42.80,0.10,15,1241152
111/04/11,41175,42.80,42.80,42.70,42.80,0.00,30,1760918
111/04/12,47220,42.75,42.80,42.75,42.75,0.05,25,2020141
111/04/13,54428,42.75,42.85,42.75,42.80,0.05,31,2330479
111/04/14,70525,42.80,42.85,42.80,42.85,0.05,32,3021590
111/04/15,61401,42.80,42.85,42.75,42.75,0.10,39,2627981
111/04/18,34029,42.75,42.80,42.70,42.80,0.05,36,1454352
111/04/19,22032,42.75,42.80,42.75,42.80,0.00,31,942684
111/04/20,72372,42.80,42.80,42.75,42.75,0.05,45,3096694
111/04/21,58681,42.75,42.80,42.75,42.75,0.00,39,2509128
111/04/22,61064,42.75,42.75,42.70,42.75,0.00,51,2609482
111/04/25,33004,42.65,42.70,42.65,42.70,0.05,21,1408968
111/04/26,82049,42.70,42.70,42.65,42.70,0.00,48,3503396
111/04/27,140951,42.65,42.65,42.45,42.55,0.15,57,5997891
111/04/28,108385,42.50,42.55,42.45,42.45,0.10,43,4605607
111/04/29,77466,42.50,42.80,42.50,42.80,0.35,49,3300963
111/05/03,11822,42.60,42.75,42.60,42.70,0.10,24,504192
111/05/04,44600,42.60,42.60,42.60,42.60,0.10,25,1900002
111/05/05,41584,42.60,42.60,42.55,42.55,0.05,42,1770741
111/05/06,115125,42.55,42.60,42.50,42.50,0.05,41,4895811
111/05/09,111290,42.50,42.50,42.30,42.35,0.15,56,4715655
111/05/10,58605,42.30,42.35,42.30,42.35,0.00,36,2479683
111/05/11,22761,42.30,42.30,42.25,42.25,0.10,22,962031
111/05/12,131679,42.25,42.25,42.05,42.10,0.15,70,5558479
111/05/13,100536,42.20,42.20,42.15,42.15,0.05,22,4239817
111/05/16,116157,42.10,42.15,42.05,42.10,0.05,27,4888964
111/05/17,128538,42.05,42.10,41.90,41.90,0.20,62,5401113
111/05/18,151715,42.00,42.00,41.95,42.00,0.10,41,6370775
111/05/19,84112,41.95,41.95,41.90,41.90,0.10,55,3524854
111/05/20,75107,41.90,41.95,41.85,41.95,0.05,32,3144933
111/05/23,166865,41.90,41.90,41.80,41.85,0.10,95,6981412
111/05/24,56000,41.85,41.90,41.85,41.85,0.00,15,2344700
111/05/25,103961,41.85,41.85,41.80,41.85,0.00,54,4348180
111/05/26,84161,41.85,41.85,41.80,41.80,0.05,49,3518485
111/05/27,103083,41.80,41.80,41.75,41.80,0.00,69,4306320
111/05/30,94548,41.80,42.00,41.80,42.00,0.20,33,3961133
111/05/31,71458,42.00,42.50,42.00,42.50,0.50,38,3029478
111/06/01,20059,42.20,42.20,42.15,42.20,0.30,18,846189
111/06/02,45344,42.20,42.20,42.05,42.20,0.00,42,1912555
111/06/06,64308,42.10,42.25,42.10,42.25,0.05,51,2713529
111/06/07,44075,42.20,42.25,42.20,42.25,0.00,28,1861263
111/06/08,60031,42.25,42.35,42.25,42.35,0.10,44,2538366
111/06/09,22044,42.30,42.35,42.30,42.35,0.00,13,932612
111/06/10,114444,42.30,42.35,42.25,42.35,0.00,53,4842361
111/06/13,56000,42.30,42.30,42.15,42.20,0.15,22,2363400
111/06/14,21859,42.15,42.15,42.10,42.15,0.05,23,920913
111/06/15,134504,42.20,42.25,42.10,42.10,0.05,64,5676023
111/06/16,49543,42.10,42.15,42.10,42.10,0.00,38,2086910
111/06/17,134237,42.00,42.10,41.95,42.10,0.00,39,5643353
111/06/20,153533,42.10,42.10,42.00,42.00,0.10,56,6455424
111/06/21,89318,42.00,42.00,42.00,42.00,0.00,46,3751356
111/06/22,217577,42.00,42.15,42.00,42.00,0.00,89,9146738
111/06/23,207291,42.00,42.05,41.95,42.00,0.00,56,8705647
111/06/24,161657,42.00,42.05,42.00,42.00,0.00,60,6790645
111/06/27,424808,42.00,42.10,41.95,42.10,0.10,161,17856941
111/06/28,197951,40.50,40.50,40.45,40.50,0.00,109,8014539
111/06/29,132279,40.50,40.50,40.45,40.50,0.00,47,5352342
111/06/30,150814,40.40,40.65,40.30,40.65,0.15,53,6119936
111/07/01,114844,40.40,40.40,40.15,40.25,0.40,72,4621378
111/07/04,98078,40.25,40.25,40.10,40.10,0.15,75,3934753
111/07/05,63360,40.10,40.15,40.10,40.15,0.05,38,2543039
111/07/06,212481,40.15,40.15,40.00,40.05,0.10,79,8510973
111/07/07,135685,40.05,40.10,40.00,40.10,0.05,82,5430257
111/07/08,83149,40.10,40.10,40.00,40.05,0.05,48,3330420
111/07/11,146021,40.05,40.05,40.00,40.00,0.05,58,5843740
111/07/12,127983,40.00,40.00,39.85,39.90,0.10,75,5109010
111/07/13,112588,39.90,39.90,39.85,39.85,0.05,61,4491420
111/07/14,101818,39.85,39.85,39.80,39.80,0.05,57,4054407
111/07/15,169380,39.75,39.80,39.75,39.75,0.05,89,6733930
111/07/18,181321,39.70,39.80,39.60,39.80,0.05,101,7202496
111/07/19,37583,39.80,39.80,39.75,39.75,0.05,31,1494280
111/07/20,70035,39.75,39.80,39.70,39.75,0.00,52,2784343
111/07/21,95212,39.70,39.80,39.65,39.75,0.00,47,3781270
111/07/22,97196,39.70,39.75,39.70,39.75,0.00,41,3860358
111/07/25,46973,39.75,39.75,39.70,39.75,0.00,40,1867067
111/07/26,32016,39.75,39.75,39.70,39.75,0.00,33,1272541
111/07/27,40739,39.75,39.75,39.70,39.75,0.00,33,1617741
111/07/28,68168,39.75,39.75,39.75,39.75,0.00,24,2709675
111/07/29,81032,39.75,39.90,39.75,39.85,0.10,50,3227271
111/08/01,49040,39.80,39.85,39.80,39.85,0.00,14,1953192
111/08/02,49044,39.80,39.80,39.80,39.80,0.05,24,1951958
111/08/03,82178,39.80,39.80,39.75,39.80,0.00,51,3269771
111/08/04,67337,39.75,39.80,39.75,39.75,0.05,28,2677007
111/08/05,48885,39.75,39.75,39.70,39.70,0.05,39,1941593
111/08/08,97607,39.70,39.70,39.65,39.70,0.00,62,3873834
111/08/09,123605,39.70,39.75,39.70,39.75,0.05,31,4907222
111/08/10,75622,39.70,39.70,39.65,39.70,0.05,45,3002158
111/08/11,129162,39.70,39.80,39.70,39.75,0.05,48,5130780
111/08/12,217325,39.75,39.80,39.75,39.80,0.05,52,8646487
111/08/15,100584,39.80,39.80,39.75,39.80,0.00,36,4002685
111/08/16,123851,39.75,39.85,39.75,39.80,0.00,49,4929550
111/08/17,115130,39.80,39.85,39.80,39.85,0.05,48,4586536
111/08/18,54394,39.80,39.85,39.80,39.85,0.00,18,2165219
111/08/19,82425,39.80,39.90,39.80,39.85,0.00,43,3284042
111/08/22,66506,39.85,39.90,39.85,39.90,0.05,29,2650495
111/08/23,81261,39.85,39.90,39.85,39.85,0.05,29,3239561
111/08/24,175403,39.85,39.95,39.85,39.90,0.05,51,6991587
111/08/25,82181,39.90,39.90,39.85,39.85,0.05,29,3275123
111/08/26,102278,39.85,39.90,39.85,39.85,0.00,43,4076060
111/08/29,75318,39.80,39.80,39.60,39.80,0.05,47,2995677
111/08/30,127132,39.80,39.80,39.75,39.75,0.05,40,5055452
111/08/31,36458,39.75,39.80,39.75,39.75,0.00,21,1449905
111/09/01,99764,39.75,39.75,39.70,39.75,0.00,36,3965601
111/09/02,117372,39.75,39.75,39.70,39.70,0.05,50,4660337
111/09/05,288017,39.65,39.65,39.50,39.50,0.20,143,11396625
111/09/06,130495,39.50,39.50,39.40,39.40,0.10,87,5147037
111/09/07,142202,39.40,39.40,39.15,39.25,0.15,87,5585481
111/09/08,109246,39.30,39.30,39.15,39.30,0.05,43,4286064
111/09/12,87296,39.30,39.30,39.25,39.30,0.00,50,3430677
111/09/13,69371,39.25,39.30,39.25,39.30,0.00,46,2723705
111/09/14,101013,39.15,39.20,39.05,39.20,0.10,50,3950410
111/09/15,33649,39.15,39.20,39.10,39.20,0.00,21,1317582
111/09/16,56236,39.15,39.20,39.15,39.20,0.00,20,2203965
111/09/19,110541,39.15,39.15,39.05,39.05,0.15,49,4322364
111/09/20,90557,39.00,39.00,38.95,39.00,0.05,61,3531675
111/09/21,123433,38.95,38.95,38.80,38.85,0.15,93,4797527
111/09/22,122090,38.75,38.75,38.55,38.60,0.25,82,4717876
111/09/23,101156,38.60,38.65,38.55,38.60,0.00,40,3903332
111/09/26,141724,38.50,38.50,38.15,38.20,0.40,95,5424203
111/09/27,105203,38.20,38.20,38.00,38.05,0.15,65,4003783
111/09/28,121568,38.05,38.05,37.60,37.60,0.45,84,4595072
111/09/29,167328,37.65,37.75,37.55,37.65,0.05,46,6295021
111/09/30,153035,37.65,38.20,37.45,38.20,0.55,59,5804438
111/10/03,72708,37.95,37.95,37.50,37.50,0.70,61,2730629
111/10/04,71980,37.50,37.60,37.50,37.55,0.05,47,2702723
111/10/05,88001,37.55,37.65,37.55,37.55,0.00,39,3307137
111/10/06,122325,37.55,37.55,37.45,37.50,0.05,51,4589041
111/10/07,46606,37.45,37.50,37.40,37.40,0.10,49,1744672
111/10/11,162877,37.40,37.40,37.25,37.30,0.10,57,6075753
111/10/12,55038,37.30,37.30,37.20,37.25,0.05,27,2050416
111/10/13,361100,37.25,37.25,36.80,37.10,0.15,92,13352158
111/10/14,118657,36.90,37.10,36.90,37.05,0.05,39,4395365
111/10/17,423010,37.00,37.00,36.65,36.75,0.30,58,15584720
111/10/18,48010,36.70,36.80,36.70,36.75,0.00,24,1764469
111/10/19,84360,36.70,36.70,36.50,36.55,0.20,48,3087902
111/10/20,110295,36.50,36.50,36.05,36.20,0.35,63,3990671
111/10/21,41132,36.20,36.20,36.10,36.10,0.10,23,1486528
111/10/24,45482,36.20,36.20,36.10,36.10,0.00,33,1644900
111/10/25,93030,36.05,36.05,35.95,35.95,0.15,51,3346633
111/10/26,118447,35.95,35.95,35.60,35.70,0.25,72,4230810
111/10/27,110433,35.70,35.70,35.60,35.60,0.10,57,3932431
111/10/28,49112,35.50,35.50,35.45,35.50,0.10,32,1742028
111/10/31,70653,35.45,35.50,35.30,35.45,0.05,69,2501608
111/11/01,135299,35.35,35.40,35.30,35.35,0.10,70,4778751
111/11/02,116477,35.40,35.40,35.25,35.30,0.05,56,4111107
111/11/03,166181,35.30,35.30,35.10,35.15,0.15,82,5840289
111/11/04,121417,35.30,35.30,35.10,35.15,0.00,59,4263012
111/11/07,200153,35.10,35.20,35.05,35.15,0.00,86,7024095
111/11/08,128390,35.15,35.15,35.05,35.15,0.00,38,4507105
111/11/09,470655,35.10,35.10,35.05,35.10,0.05,99,16509445
111/11/10,463427,35.10,35.10,35.00,35.05,0.05,129,16233992
111/11/11,269046,35.15,35.15,35.05,35.10,0.05,95,9444078
111/11/14,257907,35.10,35.15,35.05,35.15,0.05,99,9054646
111/11/15,206354,35.15,35.15,35.05,35.05,0.10,126,7244340
111/11/16,144695,35.10,35.10,35.10,35.10,0.05,102,5078734
111/11/17,245719,35.10,35.10,35.05,35.10,0.00,64,8624684
111/11/18,55588,35.15,35.25,35.15,35.25,0.15,47,1955760
111/11/21,30401,35.25,35.25,35.20,35.25,0.00,21,1070837
111/11/22,89051,35.25,35.30,35.25,35.30,0.05,40,3141145
111/11/23,132121,35.30,35.40,35.30,35.40,0.10,77,4669122
111/11/24,134310,35.35,35.40,35.35,35.40,0.00,53,4750508
111/11/25,81587,35.35,35.35,35.35,35.35,0.05,40,2884071
111/11/28,64231,35.35,35.35,35.30,35.35,0.00,42,2268562
111/11/29,66013,35.30,35.35,35.30,35.35,0.00,47,2331743
111/11/30,149197,35.35,35.60,35.35,35.50,0.15,59,5295192
111/12/01,135218,35.50,35.55,35.50,35.50,0.00,57,4801517
111/12/02,128680,35.50,35.65,35.50,35.65,0.15,55,4581560
111/12/05,120176,35.65,35.75,35.65,35.75,0.10,77,4292547
111/12/06,128454,35.75,35.80,35.70,35.75,0.00,49,4592428
111/12/07,100014,35.75,35.80,35.75,35.80,0.05,42,3579401
111/12/08,60233,35.80,35.80,35.75,35.80,0.00,18,2156282
111/12/09,59312,35.80,35.85,35.80,35.85,0.05,32,2124534
111/12/12,92067,35.80,35.85,35.70,35.75,0.10,47,3295275
111/12/13,58131,35.80,35.90,35.80,35.85,0.10,38,2083343
111/12/14,104795,35.85,35.95,35.85,35.95,0.10,55,3761500
111/12/15,28025,35.95,35.95,35.90,35.95,0.00,16,1006447
111/12/16,21336,35.90,35.90,35.80,35.80,0.15,18,764512
111/12/19,112000,35.80,35.80,35.75,35.75,0.05,26,4006350
111/12/20,349174,35.70,35.75,35.50,35.55,0.20,62,12445649
111/12/21,68170,35.55,35.55,35.45,35.45,0.10,34,2419846
111/12/22,55811,35.40,35.50,35.40,35.50,0.05,44,1978877
111/12/23,83092,35.45,35.50,35.45,35.45,0.05,23,2945715
111/12/26,87041,35.45,35.45,35.40,35.45,0.00,33,3085056
111/12/27,88286,35.45,35.50,35.45,35.50,0.05,58,3132851
111/12/28,141192,35.45,35.55,35.45,35.55,0.05,57,5011564
111/12/29,120274,35.50,35.55,35.00,35.55,0.00,50,4266697
111/12/30,117051,35.55,35.90,35.55,35.90,0.35,25,4198815
112/01/03,91661,35.85,35.90,35.80,35.80,0.10,30,3287627
112/01/04,69130,35.80,35.80,35.80,35.80,0.00,26,2474852
112/01/05,47934,35.80,35.85,35.80,35.85,0.05,36,1717702
112/01/06,30218,35.80,35.85,35.80,35.85,0.00,14,1082387
112/01/09,60781,35.80,35.90,35.80,35.90,0.05,29,2179537
112/01/10,47433,35.90,35.95,35.90,35.95,0.05,20,1704148
112/01/11,108758,35.95,35.95,35.80,35.85,0.10,52,3899707
112/01/12,27800,35.85,35.90,35.85,35.85,0.00,20,996708
112/01/13,80950,35.80,35.90,35.75,35.85,0.00,44,2899250
112/01/16,38115,35.85,35.90,35.80,35.85,0.00,19,1366586
112/01/17,125578,35.85,35.85,35.85,35.85,0.00,34,4501956
112/01/30,101602,35.85,35.90,35.85,35.90,0.05,64,3644676
112/01/31,67011,35.90,35.90,35.85,35.85,0.05,31,2402848
112/02/01,60172,35.85,35.85,35.80,35.85,0.00,41,2156198
112/02/02,66463,35.85,35.90,35.85,35.90,0.05,30,2384449
112/02/03,33933,35.90,35.90,35.85,35.90,0.00,20,1217158
112/02/06,36136,35.90,35.90,35.85,35.90,0.00,28,1296087
112/02/07,39466,35.85,35.85,35.80,35.80,0.10,35,1413394
112/02/08,23223,35.75,35.80,35.75,35.75,0.05,36,830925
112/02/09,31141,35.75,35.80,35.75,35.75,0.00,29,1113393
112/02/10,35501,35.70,35.70,35.70,35.70,0.05,31,1267414
112/02/13,39616,35.70,35.70,35.60,35.65,0.05,33,1412573
112/02/14,50355,35.65,35.65,35.60,35.65,0.00,34,1793666
112/02/15,31277,35.60,35.70,35.60,35.65,0.00,25,1114239
112/02/16,58030,35.65,35.70,35.65,35.65,0.00,36,2069320
112/02/17,159249,35.85,36.30,35.85,36.20,0.55,81,5750430
112/02/20,62421,36.20,36.20,36.05,36.20,0.00,34,2256429
112/02/21,100581,36.20,36.45,36.20,36.45,0.25,59,3656525
112/02/22,13873,36.35,36.40,36.20,36.35,0.10,18,504293
112/02/23,33487,36.30,36.35,36.30,36.35,0.00,22,1216792
112/02/24,47833,36.00,36.35,36.00,36.35,0.00,33,1732530
112/03/01,119418,36.30,36.35,36.10,36.35,0.00,31,4323288
112/03/02,70420,36.30,36.30,36.20,36.20,0.15,40,2552874
112/03/03,189988,36.20,36.20,36.00,36.00,0.20,71,6857869
112/03/06,69803,36.20,36.20,36.00,36.10,0.10,45,2519230
112/03/07,48112,36.05,36.20,36.05,36.20,0.10,37,1736249
112/03/08,58260,36.20,36.20,36.10,36.10,0.10,29,2106614
112/03/09,45557,36.10,36.15,36.10,36.15,0.05,36,1646288
112/03/10,134649,36.15,36.15,36.00,36.05,0.10,58,4854550
112/03/13,37090,36.10,36.15,36.00,36.00,0.05,23,1338446
112/03/14,60384,36.00,36.00,35.75,35.90,0.10,42,2164535
112/03/15,56432,35.90,35.90,35.75,35.75,0.15,46,2019700
112/03/16,166986,35.75,35.75,35.65,35.65,0.10,34,5960032
112/03/17,105896,35.65,35.70,35.60,35.65,0.00,49,3774950
112/03/20,118665,35.55,35.65,35.55,35.65,0.00,51,4223874
112/03/21,133939,35.60,35.65,35.55,35.55,0.10,62,4770592
112/03/22,143281,35.55,35.55,35.50,35.55,0.00,82,5090623
112/03/23,90160,35.55,35.60,35.50,35.55,0.00,41,3204802
112/03/24,310407,35.35,35.35,35.05,35.10,0.45,200,10905417
112/03/27,270372,35.00,35.10,34.95,35.00,0.10,105,9465755
112/03/28,115860,35.00,35.00,34.95,35.00,0.00,65,4054449
112/03/29,114786,35.00,35.00,34.95,34.95,0.05,68,4015337
112/03/30,205249,34.95,35.00,34.85,35.00,0.05,48,7166810
112/03/31,20341,35.00,35.20,35.00,35.20,0.20,21,712394
112/04/06,64096,35.00,35.00,34.95,34.95,0.25,44,2242276
112/04/07,41259,35.00,35.00,34.95,35.00,0.05,40,1442451
112/04/10,84584,34.95,35.00,34.95,35.00,0.00,38,2958147
112/04/11,24306,34.95,35.00,34.95,35.00,0.00,15,849565
112/04/12,80660,34.95,35.20,34.95,35.00,0.00,48,2823122
112/04/13,118625,34.95,35.00,34.95,34.95,0.05,77,4146094
112/04/14,40127,34.95,35.00,34.90,34.95,0.00,33,1402850
112/04/17,46796,35.00,35.00,34.90,34.90,0.05,33,1634181
112/04/18,70372,34.90,34.90,34.85,34.90,0.00,43,2455930
112/04/19,38369,34.85,34.90,34.85,34.85,0.05,39,1337426
112/04/20,154866,34.85,34.85,34.80,34.85,0.00,72,5395824
112/04/21,97235,34.90,34.90,34.80,34.80,0.05,38,3385130
112/04/24,46808,34.85,34.85,34.80,34.80,0.00,37,1629233
112/04/25,102316,34.80,34.80,34.75,34.80,0.00,69,3559736
112/04/26,447980,34.60,34.60,34.45,34.55,0.25,212,15473551
112/04/27,669893,34.50,34.50,34.35,34.45,0.10,107,23069447
112/04/28,204233,34.40,34.40,34.25,34.25,0.20,89,7000607
112/05/02,2263826,34.10,34.10,33.40,33.40,0.85,362,75970312
112/05/03,143645,33.40,33.50,33.30,33.30,0.10,60,4804171
112/05/04,222660,33.30,33.30,33.10,33.20,0.10,96,7384331
112/05/05,209981,33.05,33.10,33.00,33.05,0.15,120,6934008
112/05/08,275297,33.00,33.00,32.60,32.70,0.35,146,9021849
112/05/09,80389,32.70,32.70,32.55,32.65,0.05,49,2621757
112/05/10,105287,32.55,32.60,32.50,32.55,0.10,62,3424170
112/05/11,93729,32.50,32.60,32.50,32.60,0.05,71,3051178
112/05/12,65472,32.55,32.55,32.40,32.45,0.15,57,2125661
112/05/15,66213,32.40,32.40,32.20,32.25,0.20,51,2137825
112/05/16,173352,32.20,32.20,32.10,32.15,0.10,91,5568388
112/05/17,90457,32.10,32.10,32.05,32.05,0.10,63,2900946
112/05/18,152050,32.05,32.05,31.90,31.95,0.10,90,4863427
112/05/19,83239,31.95,31.95,31.90,31.90,0.05,74,2655895
112/05/22,83628,31.90,31.95,31.90,31.90,0.00,50,2668228
112/05/23,42036,31.90,31.90,31.85,31.90,0.00,35,1340893
112/05/24,83750,31.90,31.95,31.90,31.95,0.05,50,2672804
112/05/25,74940,31.90,32.00,31.90,32.00,0.05,43,2394310
112/05/26,68803,32.00,32.00,31.95,32.00,0.00,57,2201646
112/05/29,134039,32.00,32.05,32.00,32.05,0.05,68,4289398
112/05/30,88152,32.05,32.10,32.00,32.10,0.05,48,2823966
112/05/31,20533,32.45,32.45,32.20,32.40,0.30,19,664609
112/06/01,416000,32.45,32.45,32.00,32.00,0.40,158,13320400
112/06/02,196405,32.00,32.05,31.95,32.00,0.00,78,6284960
112/06/05,424799,32.05,32.10,31.95,32.00,0.00,178,13599869
112/06/06,101669,32.00,32.00,31.95,32.00,0.00,56,3253193
112/06/07,123803,32.00,32.00,31.95,32.00,0.00,66,3960390
112/06/08,51424,32.05,32.10,32.00,32.10,0.10,32,1647683
112/06/09,18372,32.20,32.20,32.10,32.15,0.05,22,590528
112/06/12,55818,32.15,32.20,32.15,32.20,0.05,46,1795594
112/06/13,67920,32.20,32.20,32.05,32.10,0.10,75,2181325
112/06/14,81124,32.00,32.05,32.00,32.00,0.10,40,2596120
112/06/15,52886,32.00,32.00,31.95,31.95,0.05,51,1690908
112/06/16,18827,31.95,32.20,31.95,32.15,0.20,25,602966
112/06/19,62538,32.00,32.05,32.00,32.00,0.15,34,2001604
112/06/20,38439,32.00,32.05,31.95,32.00,0.00,24,1230148
112/06/21,71472,32.00,32.00,31.95,32.00,0.00,49,2286906
112/06/26,66459,32.05,32.05,31.95,31.95,0.05,38,2126689
112/06/27,48598,31.95,32.00,31.95,32.00,0.05,25,1553014
112/06/28,24255,31.95,32.00,31.95,32.00,0.00,18,775859
112/06/29,62675,32.00,32.00,31.90,31.90,0.10,46,2000435
112/06/30,25150,31.95,32.10,31.90,32.10,0.20,20,803752
112/07/03,8409,32.10,32.10,32.00,32.00,0.10,14,269489
112/07/04,66223,32.00,32.00,31.90,31.90,0.10,41,2114298
112/07/05,77203,31.90,31.90,31.80,31.90,0.00,53,2457261
112/07/06,59037,31.80,31.90,31.75,31.90,0.00,24,1877423
112/07/07,87400,31.95,31.95,31.70,31.80,0.10,43,2771600
112/07/10,92463,31.80,31.80,31.60,31.65,0.15,49,2928501
112/07/11,61430,31.70,31.75,31.60,31.75,0.10,42,1943514
112/07/12,74470,31.60,31.65,31.60,31.65,0.10,49,2353649
112/07/13,89135,31.60,31.60,31.55,31.55,0.10,43,2813852
112/07/14,75339,31.55,31.55,31.50,31.55,0.00,50,2373992
112/07/17,76494,31.50,31.55,31.50,31.50,0.05,59,2410508
112/07/18,39968,31.60,31.65,31.45,31.55,0.05,41,1259497
112/07/19,72199,31.45,31.50,31.45,31.45,0.10,33,2270718
112/07/20,49627,31.45,31.45,31.40,31.45,0.00,36,1559338
112/07/21,46078,31.45,31.45,31.40,31.45,0.00,40,1447579
112/07/24,52526,31.40,31.40,31.35,31.40,0.05,36,1647725
112/07/25,120932,31.35,31.35,31.30,31.30,0.10,74,3787802
112/07/26,134860,31.35,31.35,31.30,31.30,0.00,62,4221272
112/07/27,108719,31.35,31.40,31.35,31.40,0.10,64,3408970
112/07/28,44576,31.40,31.40,31.35,31.35,0.05,34,1398081
112/07/31,11371,31.40,31.45,31.40,31.40,0.05,17,357231
112/08/01,63188,31.40,31.45,31.40,31.40,0.00,49,1985404
112/08/02,57624,31.40,31.45,31.30,31.35,0.05,39,1805890
112/08/04,58053,31.40,31.40,31.30,31.30,0.05,70,1818072
112/08/07,48814,31.30,31.30,31.25,31.30,0.00,51,1527760
112/08/08,68413,31.30,31.30,31.20,31.25,0.05,66,2138029
112/08/09,64247,31.25,31.25,31.15,31.20,0.05,48,2005074
112/08/10,70878,31.20,31.25,31.20,31.25,0.05,63,2212981
112/08/11,57297,31.30,31.30,31.25,31.25,0.00,49,1790727
112/08/14,51403,31.25,31.25,31.10,31.15,0.10,42,1600790
112/08/15,50237,31.10,31.15,31.05,31.05,0.10,36,1562003
112/08/16,129909,31.05,31.05,30.95,30.95,0.10,73,4025562
112/08/17,90871,30.95,30.95,30.85,30.90,0.05,66,2808414
112/08/18,69517,30.85,30.85,30.80,30.85,0.05,52,2143293
112/08/21,57028,30.85,30.90,30.80,30.90,0.05,47,1759162
112/08/22,25614,30.90,30.90,30.80,30.80,0.10,32,789960
112/08/23,147662,30.80,30.80,30.70,30.70,0.10,66,4538454
112/08/24,146491,30.65,30.65,30.65,30.65,0.05,85,4489900
112/08/25,74366,30.65,30.65,30.60,30.60,0.05,47,2277555
112/08/28,91152,30.60,30.60,30.55,30.60,0.00,54,2787499
112/08/29,49439,30.60,30.65,30.60,30.60,0.00,50,1512966
112/08/30,46239,30.60,30.70,30.60,30.65,0.05,41,1416160
112/08/31,37419,30.65,30.75,30.65,30.70,0.05,31,1148381
112/09/01,57637,30.70,30.90,30.70,30.90,0.20,50,1775847
112/09/04,73422,30.90,31.10,30.90,31.00,0.10,54,2275880
112/09/05,174751,31.05,31.05,30.05,31.00,0.00,89,5364622
112/09/06,72404,30.85,30.85,30.80,30.80,0.20,25,2231101
112/09/07,56139,30.80,30.85,30.80,30.85,0.05,30,1729122
112/09/08,41107,30.85,30.85,30.80,30.85,0.00,25,1267643
112/09/11,82692,30.75,30.80,30.70,30.80,0.05,40,2542705
112/09/12,69481,30.80,30.80,30.70,30.70,0.10,48,2133451
112/09/13,73397,30.75,30.75,30.70,30.70,0.00,45,2253700
112/09/14,46943,30.70,30.75,30.65,30.75,0.05,34,1439566
112/09/15,23290,30.75,30.75,30.65,30.70,0.05,21,714809
112/09/18,23179,30.65,30.65,30.65,30.65,0.05,13,710432
112/09/19,57402,30.60,30.65,30.55,30.65,0.00,30,1755847
112/09/20,36752,30.60,30.60,30.55,30.60,0.05,32,1124224
112/09/21,26329,30.50,30.50,30.45,30.45,0.15,25,802552
112/09/22,20365,30.45,30.45,30.40,30.40,0.05,21,619202
112/09/25,17273,30.35,30.75,30.35,30.50,0.10,19,526648
112/09/26,36239,30.50,30.50,30.45,30.45,0.05,9,1104009
112/09/27,37787,30.40,30.45,30.35,30.40,0.05,24,1147770
112/09/28,22146,30.40,30.55,30.40,30.55,0.15,19,673372
112/10/02,25033,30.40,30.45,30.35,30.40,0.15,19,760063
112/10/03,26416,30.30,30.35,30.30,30.35,0.05,37,801484
112/10/04,77288,30.30,30.30,30.00,30.10,0.25,45,2323319
112/10/05,46024,30.10,30.25,30.10,30.15,0.05,37,1388857
112/10/06,23056,30.50,30.50,30.20,30.30,0.15,21,696739
112/10/11,12848,30.20,30.25,30.20,30.25,0.05,16,388553
112/10/12,29976,30.20,30.70,30.20,30.40,0.15,29,908407
112/10/13,8117,30.25,30.25,30.20,30.20,0.20,10,245236
112/10/16,88038,30.20,30.25,30.00,30.25,0.05,48,2645467
112/10/17,3738,30.25,30.40,30.15,30.40,0.15,14,113138
112/10/18,3911,30.35,30.35,30.20,30.20,0.20,14,118109
112/10/19,28079,30.10,30.15,30.05,30.10,0.10,18,845124
112/10/20,148330,30.00,30.00,29.85,30.00,0.10,47,4436410
112/10/23,166213,29.90,29.90,29.70,29.70,0.30,64,4953451
112/10/24,45001,29.70,29.70,29.60,29.65,0.05,29,1334679
112/10/25,31420,29.70,29.70,29.60,29.65,0.00,22,931007
112/10/26,81230,29.55,29.55,29.35,29.35,0.30,42,2390158
112/10/27,51321,29.35,29.35,29.20,29.30,0.05,35,1500435
112/10/30,95558,29.20,29.20,29.00,29.05,0.25,67,2776104
112/10/31,78255,29.05,29.05,29.00,29.00,0.05,37,2270703
112/11/01,15136,29.00,29.05,29.00,29.05,0.05,18,439482
112/11/02,24019,29.05,29.15,29.05,29.15,0.10,36,699392
112/11/03,20022,29.05,29.25,29.05,29.25,0.10,14,583992
112/11/06,45319,29.20,29.25,29.10,29.20,0.05,48,1322596
112/11/07,9036,29.20,29.20,29.15,29.15,0.05,15,263269
112/11/08,29604,29.20,29.30,29.15,29.30,0.15,18,864427
112/11/09,7149,29.30,29.30,29.20,29.30,0.00,11,209154
112/11/10,18792,29.40,29.70,29.40,29.70,0.40,22,554470
112/11/13,6513,29.50,29.50,29.40,29.40,0.30,17,191492
112/11/14,4362,29.40,29.50,29.40,29.45,0.05,16,128350
112/11/15,51554,29.30,29.35,29.20,29.30,0.15,44,1505987
112/11/16,41411,29.30,29.45,29.30,29.45,0.15,37,1216188
112/11/17,56151,29.50,29.55,29.30,29.50,0.05,40,1649800
112/11/20,34960,29.70,29.70,29.50,29.70,0.20,29,1034491
112/11/21,27412,29.40,30.00,29.40,29.95,0.25,37,815537
112/11/22,19664,29.90,30.00,29.90,30.00,0.05,25,588705
112/11/23,24366,30.00,30.00,29.90,30.00,0.00,34,730481
112/11/24,53127,29.95,30.00,29.90,30.00,0.00,28,1592452
112/11/27,49888,30.00,30.30,30.00,30.00,0.00,27,1499635
112/11/28,13119,30.00,30.00,29.90,29.95,0.05,14,392691
112/11/29,26202,30.00,30.20,30.00,30.10,0.15,18,786911
112/11/30,15660,30.05,30.10,30.05,30.10,0.00,14,471128
112/12/01,191453,29.90,30.00,29.80,30.00,0.10,37,5711906
112/12/04,59420,30.00,30.00,29.85,29.95,0.05,37,1777531
112/12/05,44531,29.95,30.00,29.90,29.95,0.00,31,1333168
112/12/06,42167,29.90,29.95,29.90,29.95,0.00,15,1262810
112/12/07,28691,29.95,30.00,29.85,29.90,0.05,22,857356
112/12/08,13681,29.90,29.95,29.85,29.95,0.05,32,409334
112/12/11,154753,29.85,29.85,29.10,29.25,0.70,80,4546690
112/12/12,95279,29.25,29.30,29.20,29.25,0.00,44,2788271
112/12/13,101460,29.20,29.20,29.00,29.15,0.10,53,2954601
112/12/14,279681,29.15,29.15,29.00,29.00,0.15,101,8119120
112/12/15,152201,29.05,29.10,29.00,29.10,0.10,62,4417847
112/12/18,165659,29.05,29.30,29.05,29.15,0.05,33,4821159
112/12/19,128917,29.00,29.05,29.00,29.00,0.15,46,3739684
112/12/20,182227,29.00,29.20,29.00,29.00,0.00,47,5293794
112/12/21,122396,29.10,29.20,29.05,29.20,0.20,26,3566635
112/12/22,24278,29.10,29.15,29.05,29.15,0.05,11,706850
112/12/25,48702,29.00,29.10,29.00,29.05,0.10,32,1414457
112/12/26,129581,29.05,29.10,28.95,28.95,0.10,38,3759043
112/12/27,121773,28.95,29.05,28.85,28.85,0.10,83,3522365
112/12/28,172573,28.85,28.90,28.75,28.80,0.05,64,4975310
112/12/29,184235,28.80,28.85,28.55,28.65,0.15,105,5296075
113/01/02,100693,28.65,28.70,28.60,28.60,0.05,41,2881984
113/01/03,112807,28.60,28.65,28.40,28.45,0.15,77,3212338
113/01/04,71395,28.60,28.60,28.30,28.50,0.05,33,2028225
113/01/05,25080,28.50,28.50,28.40,28.50,0.00,31,713727
113/01/08,53683,28.60,28.75,28.60,28.60,0.10,23,1539214
113/01/09,63418,28.60,28.60,28.35,28.55,0.05,36,1806373
113/01/10,51221,28.55,28.60,28.55,28.55,0.00,20,1462652
113/01/11,146567,28.55,28.60,28.30,28.35,0.20,57,4162566
113/01/12,44384,28.30,28.50,28.30,28.45,0.10,47,1262260
113/01/15,33223,28.30,28.50,28.30,28.35,0.10,41,942186
113/01/16,49187,28.35,28.35,28.30,28.30,0.05,44,1392695
113/01/17,75461,28.30,28.30,28.20,28.30,0.00,32,2132975
113/01/18,55365,28.25,28.30,28.15,28.15,0.15,54,1561867
113/01/19,55359,28.30,28.30,28.15,28.15,0.00,45,1562179
113/01/22,49486,28.30,28.30,28.15,28.15,0.00,35,1397110
113/01/23,75389,28.25,28.25,28.20,28.20,0.05,39,2128897
113/01/24,109761,28.20,28.30,28.00,28.20,0.00,44,3088216
113/01/25,71814,28.15,28.15,28.00,28.00,0.20,47,2014968
113/01/26,96448,28.00,28.15,27.90,28.15,0.15,45,2703073
113/01/29,47216,28.00,28.15,28.00,28.15,0.00,35,1325023
113/01/30,76594,28.00,28.00,27.90,27.90,0.25,38,2138650
113/01/31,67604,28.00,28.00,27.85,27.85,0.05,37,1886551
113/02/01,170044,27.85,27.85,27.60,27.75,0.10,87,4710501
113/02/02,120096,27.75,27.75,27.50,27.55,0.20,51,3312230
113/02/05,125078,27.50,27.50,27.35,27.35,0.20,81,3428109
113/02/15,84429,27.20,27.40,27.15,27.15,0.20,75,2299410
113/02/16,127066,27.20,27.20,26.85,26.95,0.20,104,3430175
113/02/19,95272,26.95,26.95,26.65,26.80,0.15,95,2549591
113/02/20,57656,26.80,26.80,26.60,26.60,0.20,73,1539484
113/02/21,45266,26.65,26.65,26.55,26.55,0.05,56,1203675
113/02/22,114966,26.55,26.55,26.40,26.50,0.05,82,3044199
113/02/23,181957,26.45,26.45,26.25,26.30,0.20,133,4789648
113/02/26,187841,26.25,26.25,26.00,26.00,0.30,151,4903814
113/02/27,79092,26.10,26.10,25.95,26.00,0.00,76,2057367
113/02/29,93385,26.00,26.05,26.00,26.05,0.05,108,2429369
113/03/01,124732,26.00,26.05,26.00,26.05,0.00,101,3246215
113/03/04,203928,26.05,26.80,26.05,26.10,0.05,115,5389503
113/03/05,29060,26.15,26.30,26.15,26.20,0.10,35,761065
113/03/06,101782,26.15,26.25,26.15,26.20,0.00,109,2663169
113/03/07,171757,26.20,26.30,26.20,26.20,0.00,139,4501087
113/03/08,154845,26.25,26.30,26.25,26.25,0.05,149,4065063
113/03/11,299353,26.35,26.70,26.35,26.45,0.20,218,7929098
113/03/12,588476,26.50,26.50,26.20,26.40,0.05,356,15478356
113/03/13,273559,26.40,26.40,26.30,26.30,0.10,70,7204943
113/03/14,84398,26.35,26.45,26.35,26.45,0.15,46,2227739
113/03/15,315279,26.40,26.40,26.35,26.40,0.05,70,8323385
113/03/18,278073,26.40,26.45,26.35,26.35,0.05,79,7335096
113/03/19,140821,26.35,26.35,26.35,26.35,0.00,51,3710588
113/03/20,131118,26.35,26.35,26.25,26.30,0.05,47,3447653
113/03/21,229319,26.95,26.95,26.20,26.20,0.10,58,6058200
113/03/22,36437,26.20,26.30,26.20,26.20,0.00,28,956328
113/03/25,197645,26.20,26.20,26.10,26.10,0.10,64,5168125
113/03/26,81501,26.05,26.15,26.05,26.05,0.05,34,2124167
113/03/27,14807,26.05,26.10,26.05,26.10,0.05,29,386187
113/03/28,17553,26.10,26.15,26.05,26.10,0.00,21,458108
113/03/29,148457,26.10,26.15,26.10,26.10,0.00,31,3874845
113/04/01,191461,26.35,26.35,26.10,26.10,0.00,46,4999906
113/04/02,1104,26.15,26.15,26.15,26.15,0.05,5,28866
113/04/03,10666,26.10,26.10,26.10,26.10,0.05,14,279545
