王道銀甲特,	2897A
日期,成交股數,開盤價,最高價,最低價,收盤價,漲跌價差,成交筆數,成交金額
108/01/09,3271062,10.10,10.25,10.10,10.20,X,677,33195827
108/01/10,944821,10.20,10.25,10.20,10.20,,257,9640072
108/01/11,1194183,10.20,10.25,10.20,10.20,,148,12183562
108/01/14,197459,10.20,10.25,10.20,10.20,,88,2015181
108/01/15,315501,10.20,10.25,10.20,10.20,,127,3223104
108/01/16,810011,10.20,10.30,10.20,10.25,0.05,187,8299012
108/01/17,197416,10.25,10.30,10.25,10.30,0.05,69,2024382
108/01/18,1087246,10.30,10.35,10.30,10.35,0.05,169,11210593
108/01/21,447808,10.35,10.40,10.30,10.40,0.05,108,4633384
108/01/22,343198,10.40,10.45,10.35,10.45,0.05,135,3568769
108/01/23,536397,10.45,10.55,10.45,10.50,0.05,180,5631668
108/01/28,158982,10.50,10.50,10.45,10.50,,83,1669009
108/01/29,188845,10.55,10.55,10.45,10.50,,78,1982372
108/01/30,359132,10.50,10.55,10.50,10.55,0.05,92,3773389
108/02/11,230200,10.55,10.55,10.50,10.55,,83,2421159
108/02/12,204011,10.55,10.55,10.50,10.55,,52,2151116
108/02/13,175028,10.55,10.55,10.50,10.55,,57,1841893
108/02/14,92708,10.55,10.55,10.50,10.55,,40,974367
108/02/15,282365,10.50,10.55,10.50,10.50,0.05,81,2965432
108/02/18,112574,10.50,10.50,10.50,10.50,,37,1182026
108/02/19,274000,10.50,10.55,10.50,10.55,0.05,48,2877500
108/02/20,145625,10.50,10.55,10.50,10.50,0.05,40,1529511
108/02/21,208516,10.50,10.50,10.45,10.50,,72,2188768
108/02/22,47000,10.50,10.55,10.50,10.55,0.05,17,493750
108/02/25,136457,10.50,10.55,10.50,10.55,,38,1433420
108/02/26,119690,10.50,10.55,10.50,10.55,,38,1256895
108/02/27,272146,10.50,10.55,10.50,10.50,0.05,65,2860289
108/03/04,405011,10.50,10.55,10.50,10.50,,86,4252915
108/03/05,275928,10.50,10.55,10.50,10.55,0.05,65,2898838
108/03/06,308117,10.50,10.55,10.50,10.50,0.05,64,3235527
108/03/07,229019,10.50,10.50,10.50,10.50,,67,2404699
108/03/08,163200,10.50,10.50,10.45,10.45,0.05,54,1712309
108/03/11,250006,10.45,10.50,10.45,10.45,,78,2612611
108/03/12,207230,10.45,10.50,10.45,10.50,0.05,62,2165652
108/03/13,196000,10.45,10.50,10.45,10.45,0.05,64,2049700
108/03/14,196000,10.45,10.45,10.40,10.45,,73,2045050
108/03/15,249298,10.40,10.45,10.40,10.40,0.05,85,2594229
108/03/18,270989,10.40,10.40,10.35,10.40,,84,2813834
108/03/19,141000,10.40,10.40,10.35,10.35,0.05,46,1462800
108/03/20,177287,10.35,10.40,10.35,10.40,0.05,61,1841567
108/03/21,114027,10.40,10.45,10.40,10.40,,34,1186480
108/03/22,137000,10.40,10.45,10.40,10.40,,36,1426150
108/03/25,137595,10.40,10.45,10.40,10.40,,49,1431147
108/03/26,105452,10.40,10.45,10.40,10.40,,24,1097295
108/03/27,57000,10.40,10.45,10.40,10.40,,16,593250
108/03/28,176120,10.40,10.45,10.40,10.40,,67,1831854
108/03/29,190000,10.40,10.45,10.40,10.40,,52,1977000
108/04/01,148336,10.40,10.45,10.35,10.40,,46,1542693
108/04/02,115171,10.40,10.40,10.35,10.40,,33,1196227
108/04/03,46000,10.40,10.40,10.35,10.40,,17,477950
108/04/08,96292,10.40,10.40,10.35,10.35,0.05,35,998620
108/04/09,105486,10.35,10.40,10.35,10.35,,50,1092179
108/04/10,50376,10.35,10.40,10.35,10.40,0.05,26,522641
108/04/11,83000,10.40,10.40,10.35,10.40,,29,861350
108/04/12,70099,10.40,10.40,10.35,10.35,0.05,30,727679
108/04/15,72174,10.35,10.40,10.35,10.40,0.05,29,748249
108/04/16,59000,10.40,10.40,10.35,10.40,,22,612500
108/04/17,151523,10.40,10.40,10.35,10.35,0.05,43,1571761
108/04/18,98000,10.35,10.40,10.35,10.35,,35,1015600
108/04/19,47994,10.35,10.40,10.35,10.35,,22,497637
108/04/22,105000,10.40,10.40,10.35,10.40,0.05,26,1091400
108/04/23,81021,10.40,10.40,10.35,10.35,0.05,33,839917
108/04/24,32000,10.40,10.40,10.35,10.40,0.05,16,332000
108/04/25,77789,10.40,10.40,10.35,10.35,0.05,34,806565
108/04/26,77500,10.35,10.40,10.35,10.40,0.05,29,804300
108/04/29,168000,10.40,10.40,10.35,10.40,,45,1745950
108/04/30,174616,10.35,10.40,10.35,10.40,,52,1814056
108/05/02,64000,10.40,10.40,10.35,10.40,,21,664100
108/05/03,54000,10.35,10.40,10.35,10.40,,16,559250
108/05/06,52628,10.40,10.40,10.35,10.40,,27,545598
108/05/07,94099,10.40,10.40,10.35,10.40,,23,975079
108/05/08,64000,10.40,10.40,10.35,10.40,,20,663950
108/05/09,365002,10.40,10.40,10.35,10.40,,84,3794370
108/05/10,79424,10.40,10.40,10.40,10.40,,32,825966
108/05/13,170135,10.40,10.40,10.35,10.35,0.05,53,1769037
108/05/14,135492,10.40,10.40,10.35,10.40,0.05,31,1407290
108/05/15,106000,10.40,10.40,10.35,10.40,,31,1102150
108/05/16,140000,10.40,10.40,10.35,10.35,0.05,44,1451300
108/05/17,18000,10.35,10.40,10.35,10.35,,7,186750
108/05/20,59000,10.35,10.35,10.35,10.35,,21,610650
108/05/21,67032,10.40,10.40,10.35,10.40,0.05,19,696631
108/05/22,77000,10.40,10.40,10.35,10.35,0.05,21,798600
108/05/23,38000,10.35,10.35,10.35,10.35,,14,393300
108/05/24,52000,10.35,10.40,10.35,10.40,0.05,15,538250
108/05/27,28000,10.35,10.40,10.35,10.40,,15,290350
108/05/28,264006,10.40,10.40,10.35,10.40,,74,2744312
108/05/29,79000,10.40,10.40,10.40,10.40,,26,821600
108/05/30,94206,10.40,10.40,10.40,10.40,,32,979742
108/05/31,139198,10.40,10.40,10.35,10.35,0.05,43,1443198
108/06/03,142198,10.35,10.40,10.35,10.40,0.05,40,1478599
108/06/04,67002,10.40,10.40,10.40,10.40,,26,696820
108/06/05,86000,10.40,10.40,10.40,10.40,,21,894400
108/06/06,39198,10.40,10.40,10.35,10.40,,8,407149
108/06/10,128000,10.40,10.40,10.35,10.40,,35,1330950
108/06/11,51099,10.40,10.40,10.35,10.40,,24,530874
108/06/12,193000,10.40,10.40,10.35,10.40,,47,2006950
108/06/13,96000,10.40,10.40,10.35,10.40,,29,998150
108/06/14,85000,10.40,10.40,10.40,10.40,,21,884000
108/06/17,84056,10.35,10.40,10.35,10.40,,17,874034
108/06/18,107000,10.40,10.40,10.35,10.40,,30,1112350
108/06/19,71032,10.35,10.40,10.35,10.35,0.05,21,738081
108/06/20,164099,10.35,10.40,10.35,10.40,0.05,34,1705579
108/06/21,66000,10.35,10.40,10.35,10.40,,14,685150
108/06/24,22198,10.40,10.40,10.35,10.35,0.05,6,230599
108/06/25,22099,10.40,10.40,10.35,10.40,0.05,11,229679
108/06/26,58000,10.40,10.40,10.35,10.40,,17,601700
108/06/27,125000,10.40,10.40,10.35,10.40,,32,1294250
108/06/28,144497,10.35,10.40,10.35,10.35,0.05,49,1495843
108/07/01,238000,10.35,10.40,10.35,10.35,,61,2468700
108/07/02,978230,10.35,10.35,10.30,10.30,0.05,237,10110867
108/07/03,733000,10.35,10.35,10.25,10.35,0.05,154,7548150
108/07/04,216300,10.30,10.35,10.30,10.30,0.05,42,2229040
108/07/05,54099,10.35,10.35,10.30,10.35,0.05,17,558169
108/07/08,69197,10.30,10.35,10.30,10.35,,21,714729
108/07/09,108065,10.30,10.35,10.30,10.35,,33,1117172
108/07/10,306000,10.35,10.35,10.30,10.35,,50,3166750
108/07/11,203000,10.35,10.35,10.35,10.35,,38,2101050
108/07/12,165000,10.35,10.40,10.35,10.40,X,31,1708350
108/07/15,100000,10.35,10.35,10.35,10.35,0.05,22,1035000
108/07/16,60000,10.35,10.35,10.30,10.30,0.05,17,618600
108/07/17,25580,10.35,10.35,10.35,10.35,0.05,14,264724
108/07/18,53000,10.35,10.35,10.30,10.35,,18,548300
108/07/19,93697,10.30,10.35,10.30,10.30,0.05,25,967379
108/07/22,91100,10.35,10.35,10.30,10.30,,40,940230
108/07/23,109952,10.30,10.30,10.30,10.30,,22,1132505
108/07/24,53221,10.30,10.35,10.30,10.35,0.05,29,549625
108/07/25,70894,10.35,10.35,10.30,10.35,,31,733656
108/07/26,47300,10.35,10.35,10.30,10.30,0.05,18,487990
108/07/29,72000,10.35,10.35,10.30,10.30,,23,743850
108/07/30,49000,10.30,10.35,10.30,10.35,0.05,22,506450
108/07/31,30495,10.35,10.35,10.35,10.35,,11,315598
108/08/01,75000,10.35,10.35,10.30,10.35,,14,775400
108/08/02,102890,10.30,10.35,10.30,10.30,0.05,29,1061966
108/08/05,199099,10.35,10.35,10.30,10.30,,47,2055414
108/08/06,135000,10.30,10.35,10.30,10.35,0.05,30,1397000
108/08/07,129000,10.35,10.35,10.35,10.35,,30,1335150
108/08/08,37000,10.35,10.40,10.35,10.35,,19,383150
108/08/12,105994,10.35,10.40,10.35,10.35,,35,1098289
108/08/13,55099,10.35,10.40,10.35,10.40,0.05,18,572019
108/08/14,57317,10.40,10.40,10.35,10.35,0.05,23,595779
108/08/15,582000,10.35,10.40,10.35,10.35,,99,6026300
108/08/16,592099,10.35,10.35,10.35,10.35,,86,6128219
108/08/19,455391,10.35,10.40,10.35,10.40,0.05,125,4715446
108/08/20,333617,10.40,10.40,10.35,10.35,0.05,106,3453705
108/08/21,28000,10.35,10.35,10.35,10.35,,10,289800
108/08/22,324895,10.35,10.45,10.35,10.45,0.10,75,3377958
108/08/23,127978,10.40,10.45,10.35,10.45,,29,1332422
108/08/26,69131,10.40,10.40,10.40,10.40,0.05,22,718968
108/08/27,27198,10.40,10.45,10.40,10.40,,19,283168
108/08/28,47579,10.40,10.45,10.40,10.45,0.05,22,495819
108/08/29,105708,10.45,10.45,10.40,10.40,0.05,33,1102947
108/08/30,103000,10.45,10.45,10.40,10.45,0.05,23,1074950
108/09/02,232636,10.45,10.45,10.40,10.45,,63,2430764
108/09/03,195000,10.45,10.45,10.45,10.45,,35,2037750
108/09/04,150812,10.45,10.50,10.45,10.50,0.05,29,1579233
108/09/05,298001,10.45,10.50,10.45,10.50,,65,3128760
108/09/06,102484,10.50,10.55,10.50,10.50,,25,1076332
108/09/09,75669,10.55,10.55,10.50,10.55,0.05,37,798007
108/09/10,101000,10.55,10.55,10.50,10.55,,40,1065450
108/09/11,180032,10.55,10.60,10.55,10.60,0.05,48,1906586
108/09/12,109539,10.60,10.65,10.60,10.65,0.05,53,1161963
108/09/16,78973,10.65,10.65,10.60,10.65,,22,840117
108/09/17,37735,10.65,10.65,10.60,10.65,,20,400790
108/09/18,148099,10.65,10.65,10.60,10.60,0.05,42,1571294
108/09/19,94102,10.60,10.65,10.60,10.60,,29,997531
108/09/20,140000,10.60,10.60,10.55,10.60,,28,1482700
108/09/23,55999,10.60,10.60,10.55,10.60,,28,593288
108/09/24,85105,10.60,10.65,10.55,10.65,0.05,35,901913
108/09/25,8000,10.65,10.65,10.60,10.65,,5,84900
108/09/26,11000,10.60,10.65,10.60,10.65,,7,116800
108/09/27,66500,10.60,10.65,10.60,10.65,,24,707150
108/10/01,65096,10.60,10.65,10.60,10.65,,26,691317
108/10/02,160596,10.60,10.65,10.60,10.65,,21,1704817
108/10/03,30100,10.65,10.65,10.60,10.65,,17,319814
108/10/04,99994,10.65,10.65,10.60,10.65,,18,1060736
108/10/07,203503,10.65,10.65,10.60,10.65,,38,2159306
108/10/08,57000,10.60,10.65,10.60,10.65,,14,604700
108/10/09,63000,10.60,10.60,10.60,10.60,0.05,14,667800
108/10/14,94000,10.60,10.65,10.60,10.65,0.05,18,998050
108/10/15,57596,10.60,10.65,10.60,10.60,0.05,17,610566
108/10/16,10282,10.65,10.65,10.60,10.65,0.05,7,109389
108/10/17,29119,10.60,10.65,10.60,10.60,0.05,14,309061
108/10/18,44000,10.60,10.65,10.60,10.65,0.05,16,467500
108/10/21,26260,10.65,10.65,10.65,10.65,,8,279656
108/10/22,39999,10.60,10.65,10.60,10.65,,17,424339
108/10/23,47099,10.60,10.60,10.60,10.60,0.05,15,499243
108/10/24,45331,10.65,10.65,10.60,10.60,,17,481558
108/10/25,49169,10.60,10.65,10.60,10.60,,16,521932
108/10/28,38000,10.60,10.60,10.60,10.60,,8,402800
108/10/29,63000,10.60,10.65,10.60,10.60,,20,668300
108/10/30,82000,10.60,10.65,10.60,10.60,,14,869700
108/10/31,27000,10.60,10.60,10.60,10.60,,10,286200
108/11/01,104000,10.60,10.60,10.55,10.60,,23,1101850
108/11/04,98000,10.55,10.60,10.55,10.60,,16,1037950
108/11/05,41205,10.60,10.60,10.55,10.55,0.05,18,435173
108/11/06,164099,10.55,10.60,10.55,10.60,0.05,23,1731794
108/11/07,45410,10.55,10.60,10.55,10.60,,18,479296
108/11/08,106000,10.60,10.60,10.55,10.60,,17,1123350
108/11/11,170102,10.60,10.60,10.55,10.55,0.05,31,1796688
108/11/12,28423,10.55,10.55,10.55,10.55,,11,299926
108/11/13,70377,10.60,10.60,10.55,10.55,,24,744515
108/11/14,50000,10.55,10.55,10.50,10.50,0.05,15,527250
108/11/15,35006,10.50,10.55,10.50,10.55,0.05,17,368963
108/11/18,20000,10.55,10.55,10.55,10.55,,7,211000
108/11/19,41702,10.55,10.60,10.55,10.55,,22,440056
108/11/20,36000,10.55,10.55,10.50,10.55,,22,379700
108/11/21,30300,10.55,10.60,10.55,10.55,,11,319800
108/11/22,10370,10.55,10.60,10.55,10.55,,8,109485
108/11/25,65948,10.55,10.60,10.55,10.60,0.05,14,696204
108/11/26,31198,10.55,10.60,10.55,10.60,,13,329178
108/11/27,62316,10.55,10.55,10.55,10.55,0.05,22,657433
108/11/28,52000,10.50,10.55,10.50,10.55,,19,547600
108/11/29,169000,10.55,10.55,10.50,10.55,,40,1776650
108/12/02,75000,10.55,10.55,10.50,10.50,0.05,23,787600
108/12/03,15000,10.50,10.50,10.50,10.50,,10,157500
108/12/04,13000,10.50,10.55,10.50,10.55,0.05,9,136550
108/12/05,22050,10.55,10.55,10.50,10.55,,9,232577
108/12/06,22000,10.55,10.55,10.50,10.55,,12,231750
108/12/09,47198,10.55,10.55,10.55,10.55,,13,497948
108/12/10,36000,10.55,10.55,10.50,10.50,0.05,15,378600
108/12/11,6198,10.50,10.55,10.50,10.55,0.05,6,65279
108/12/12,96000,10.50,10.55,10.50,10.55,,22,1009700
108/12/13,22000,10.55,10.55,10.50,10.50,0.05,9,231800
108/12/16,144198,10.55,10.55,10.55,10.55,0.05,31,1521268
108/12/17,140299,10.55,10.55,10.50,10.55,,17,1479604
108/12/18,160292,10.55,10.55,10.50,10.55,,20,1690329
108/12/19,103148,10.60,10.60,10.55,10.55,,7,1088418
108/12/20,33050,10.55,10.60,10.55,10.55,,12,348777
108/12/23,95000,10.55,10.55,10.55,10.55,,8,1002250
108/12/24,66397,10.55,10.60,10.55,10.60,0.05,20,703308
108/12/25,296000,10.55,10.55,10.55,10.55,0.05,48,3122800
108/12/26,45198,10.55,10.55,10.55,10.55,,17,476838
108/12/27,17000,10.55,10.60,10.55,10.55,,4,179450
108/12/30,49000,10.55,10.60,10.55,10.60,0.05,23,518000
108/12/31,59000,10.55,10.60,10.55,10.60,,21,623050
109/01/02,76199,10.55,10.55,10.55,10.55,0.05,14,803899
109/01/03,22475,10.55,10.60,10.55,10.60,0.05,13,237684
109/01/06,18000,10.55,10.60,10.55,10.60,,6,190300
109/01/07,73128,10.60,10.60,10.55,10.55,0.05,21,773006
109/01/08,21198,10.55,10.55,10.55,10.55,,6,223648
109/01/09,31497,10.55,10.60,10.55,10.60,0.05,14,332967
109/01/10,25994,10.60,10.60,10.60,10.60,,13,275536
109/01/13,32000,10.55,10.55,10.55,10.55,0.05,7,337600
109/01/14,44902,10.55,10.60,10.55,10.60,0.05,23,474810
109/01/15,16000,10.55,10.60,10.55,10.60,,4,168950
109/01/16,17634,10.60,10.60,10.60,10.60,,9,186887
109/01/17,49000,10.60,10.60,10.55,10.60,,12,518900
109/01/20,46911,10.60,10.60,10.55,10.60,,16,496050
109/01/30,587000,10.55,10.55,10.50,10.55,0.05,71,6171800
109/01/31,137000,10.55,10.60,10.55,10.60,0.05,19,1446350
109/02/03,365000,10.55,10.60,10.50,10.60,,36,3849250
109/02/04,40000,10.60,10.60,10.55,10.60,,12,422300
109/02/05,10000,10.55,10.60,10.55,10.55,0.05,5,105750
109/02/06,189000,10.55,10.65,10.55,10.55,,32,2001950
109/02/07,35099,10.60,10.60,10.55,10.60,0.05,14,370949
109/02/10,66032,10.60,10.60,10.55,10.55,0.05,18,698637
109/02/11,146000,10.55,10.60,10.55,10.60,0.05,24,1547400
109/02/12,9000,10.60,10.65,10.60,10.65,0.05,5,95550
109/02/13,24006,10.55,10.60,10.55,10.60,0.05,7,253963
109/02/14,11002,10.55,10.60,10.55,10.60,,8,116220
109/02/17,30000,10.60,10.60,10.55,10.55,0.05,10,316650
109/02/18,82788,10.60,10.60,10.60,10.60,0.05,16,877473
109/02/19,84100,10.60,10.60,10.60,10.60,,19,891460
109/02/20,107000,10.60,10.65,10.60,10.60,,28,1137200
109/02/21,35000,10.60,10.65,10.60,10.60,,10,371250
109/02/24,50400,10.60,10.60,10.60,10.60,,15,534200
109/02/25,77098,10.60,10.60,10.55,10.60,,24,816729
109/02/26,41000,10.60,10.60,10.60,10.60,,12,434600
109/02/27,60099,10.60,10.65,10.60,10.60,,21,637299
109/03/02,24049,10.55,10.60,10.55,10.60,,6,254216
109/03/03,81000,10.60,10.65,10.60,10.60,,25,858700
109/03/04,41038,10.60,10.60,10.55,10.60,,14,434948
109/03/05,38000,10.60,10.60,10.60,10.60,,16,402800
109/03/06,36893,10.60,10.60,10.55,10.60,,16,389519
109/03/09,150812,10.60,10.60,10.55,10.55,0.05,31,1591606
109/03/10,141099,10.55,10.60,10.55,10.60,0.05,27,1488644
109/03/11,79000,10.55,10.60,10.55,10.55,0.05,13,833500
109/03/12,499000,10.55,10.55,10.50,10.50,0.05,82,5254950
109/03/13,1662000,10.40,10.40,10.10,10.35,0.15,219,17022150
109/03/16,1432000,10.30,10.30,10.00,10.00,0.35,201,14417850
109/03/17,450994,9.90,9.95,9.80,9.80,0.20,165,4460696
109/03/18,223500,9.80,9.86,9.70,9.80,,71,2189165
109/03/19,715999,9.45,9.50,8.82,8.83,0.97,222,6434560
109/03/20,382692,9.29,9.30,9.11,9.22,0.39,138,3539758
109/03/23,242421,9.22,9.22,9.10,9.18,0.04,68,2218975
109/03/24,83001,9.21,9.49,9.21,9.47,0.29,40,783719
109/03/25,166000,9.64,9.70,9.56,9.57,0.10,70,1594550
109/03/26,57000,9.65,9.68,9.57,9.67,0.10,35,549850
109/03/27,134000,9.75,9.85,9.66,9.70,0.03,35,1299640
109/03/30,30497,9.70,9.78,9.62,9.78,0.08,22,296420
109/03/31,67000,9.85,9.86,9.81,9.82,0.04,35,659390
109/04/01,35198,9.81,9.84,9.81,9.84,0.02,20,345948
109/04/06,90000,9.95,9.95,9.81,9.83,0.01,31,888280
109/04/07,147049,9.86,9.89,9.83,9.86,0.03,28,1448733
109/04/08,29000,9.84,9.88,9.83,9.88,0.02,15,285440
109/04/09,74000,9.95,9.95,9.89,9.93,0.05,36,733340
109/04/10,70000,9.93,9.96,9.93,9.96,0.03,22,696180
109/04/13,97011,9.96,9.97,9.95,9.95,0.01,34,965820
109/04/14,84000,9.95,9.98,9.95,9.98,0.03,24,836910
109/04/15,170489,9.98,9.99,9.95,9.98,,55,1698168
109/04/16,63109,9.98,10.00,9.98,10.00,0.02,35,630260
109/04/17,89249,10.05,10.10,10.05,10.10,0.10,32,898014
109/04/20,45000,10.10,10.10,10.05,10.10,,15,454100
109/04/21,125000,10.10,10.10,10.00,10.00,0.10,34,1255300
109/04/22,45000,10.00,10.00,10.00,10.00,,20,450000
109/04/23,42000,10.05,10.05,10.00,10.00,,10,420750
109/04/24,54000,10.05,10.05,10.00,10.05,0.05,17,542650
109/04/27,89000,10.05,10.10,10.05,10.10,0.05,27,898550
109/04/28,56420,10.10,10.10,10.10,10.10,,22,569884
109/04/29,38282,10.15,10.15,10.15,10.15,0.05,20,388379
109/04/30,91011,10.15,10.25,10.15,10.25,0.10,31,927061
109/05/04,13000,10.20,10.20,10.15,10.15,0.10,10,132000
109/05/05,20789,10.15,10.20,10.15,10.20,0.05,16,211468
109/05/06,7000,10.20,10.20,10.20,10.20,,3,71400
109/05/07,24006,10.10,10.20,10.10,10.20,,9,243561
109/05/08,57000,10.20,10.25,10.20,10.25,0.05,11,581450
109/05/11,19000,10.25,10.25,10.20,10.25,,11,194500
109/05/12,30599,10.25,10.30,10.25,10.25,,16,313688
109/05/13,24457,10.20,10.25,10.20,10.25,,8,249611
109/05/14,30000,10.20,10.20,10.20,10.20,0.05,9,306000
109/05/15,105032,10.20,10.20,10.20,10.20,,32,1071326
109/05/18,88000,10.20,10.20,10.15,10.15,0.05,15,893550
109/05/19,101000,10.15,10.20,10.15,10.15,,28,1025500
109/05/20,13000,10.15,10.20,10.15,10.20,0.05,8,132300
109/05/21,84000,10.25,10.25,10.20,10.25,0.05,17,860200
109/05/22,44000,10.25,10.30,10.20,10.30,0.05,11,451200
109/05/25,139000,10.30,10.30,10.25,10.30,,22,1429900
109/05/26,17082,10.25,10.30,10.25,10.30,,9,175570
109/05/27,62000,10.25,10.30,10.25,10.25,0.05,16,637850
109/05/28,17000,10.25,10.30,10.25,10.30,0.05,7,174450
109/05/29,60508,10.30,10.40,10.30,10.35,0.05,23,625280
109/06/01,42000,10.35,10.35,10.35,10.35,,10,434700
109/06/02,11000,10.35,10.35,10.35,10.35,,8,113850
109/06/03,57032,10.35,10.40,10.35,10.40,0.05,32,590573
109/06/04,17298,10.35,10.40,10.35,10.40,,9,179395
109/06/05,20100,10.40,10.40,10.35,10.40,,10,208630
109/06/08,153000,10.40,10.40,10.30,10.40,,29,1584500
109/06/09,27080,10.35,10.40,10.35,10.35,0.05,11,280428
109/06/10,39000,10.35,10.40,10.35,10.40,0.05,18,403800
109/06/11,100000,10.40,10.40,10.35,10.35,0.05,33,1039600
109/06/12,337335,10.25,10.30,10.20,10.30,0.05,81,3458699
109/06/15,31000,10.30,10.35,10.30,10.35,0.05,11,319450
109/06/16,30000,10.35,10.40,10.35,10.40,0.05,12,310900
109/06/17,69298,10.35,10.40,10.35,10.40,,21,718869
109/06/18,29000,10.40,10.40,10.35,10.40,,6,300300
109/06/19,32329,10.35,10.40,10.35,10.40,,13,334920
109/06/22,24000,10.40,10.40,10.35,10.40,,8,249400
109/06/23,2000,10.40,10.40,10.40,10.40,,2,20800
109/06/24,99000,10.40,10.45,10.40,10.45,0.05,20,1030600
109/06/29,3000,10.45,10.45,10.40,10.45,,3,31300
109/06/30,89000,10.40,10.45,10.40,10.45,,25,925750
109/07/01,74171,10.40,10.40,10.35,10.40,0.05,17,771136
109/07/02,73000,10.40,10.40,10.40,10.40,,18,759200
109/07/03,35397,10.40,10.40,10.40,10.40,,20,368089
109/07/06,54000,10.40,10.40,10.40,10.40,,27,561600
109/07/07,55050,10.40,10.40,10.40,10.40,,29,572519
109/07/08,11500,10.45,10.45,10.40,10.40,,7,119823
109/07/09,35000,10.40,10.45,10.40,10.40,,13,364150
109/07/10,21000,10.45,10.45,10.40,10.45,0.05,12,219300
109/07/13,29993,10.45,10.45,10.40,10.45,,23,313076
109/07/14,23000,10.45,10.45,10.40,10.45,,11,239450
109/07/15,22000,10.45,10.45,10.45,10.45,,13,229900
109/07/16,20000,10.45,10.50,10.45,10.45,,9,209050
109/07/17,10000,10.45,10.45,10.45,10.45,,5,104500
109/07/20,73200,10.45,10.50,10.45,10.45,,19,765130
109/07/21,22503,10.45,10.50,10.45,10.45,,11,235281
109/07/22,90742,10.45,10.50,10.45,10.50,0.05,44,949540
109/07/23,22198,10.45,10.50,10.45,10.50,,11,232419
109/07/24,157297,10.45,10.50,10.45,10.45,0.05,81,1644588
109/07/27,111000,10.45,10.50,10.40,10.45,,31,1160650
109/07/28,116082,10.45,10.45,10.40,10.45,,22,1207552
109/07/29,100306,10.45,10.45,10.45,10.45,,22,1048196
109/07/30,82100,10.45,10.50,10.45,10.45,,22,858200
109/07/31,197000,10.05,10.10,10.05,10.10,X,57,1982250
109/08/03,36818,10.10,10.10,10.05,10.10,,22,371301
109/08/04,423596,10.05,10.15,10.05,10.15,0.05,31,4285269
109/08/05,10000,10.15,10.15,10.10,10.15,,8,101450
109/08/06,33000,10.15,10.15,10.10,10.10,0.05,14,333550
109/08/07,104356,10.10,10.10,10.10,10.10,,33,1053994
109/08/10,70000,10.10,10.10,10.10,10.10,,26,707000
109/08/11,45099,10.10,10.10,10.05,10.10,,18,454294
109/08/12,28009,10.15,10.15,10.05,10.10,,10,283140
109/08/13,60910,10.05,10.10,10.05,10.10,,27,613250
109/08/14,36000,10.10,10.10,10.05,10.10,,15,363500
109/08/17,131089,10.10,10.10,10.05,10.10,,64,1320198
109/08/18,92000,10.10,10.10,10.10,10.10,,19,929200
109/08/19,172000,10.15,10.15,10.10,10.10,,36,1737750
109/08/20,595000,10.10,10.10,10.10,10.10,,50,6009500
109/08/21,97695,10.10,10.10,10.10,10.10,,11,986684
109/08/24,64000,10.10,10.15,10.10,10.15,0.05,16,646500
109/08/25,48392,10.15,10.15,10.10,10.10,0.05,14,489028
109/08/26,72509,10.10,10.15,10.10,10.10,,10,732491
109/08/27,90397,10.10,10.15,10.10,10.10,,16,913059
109/08/28,465000,10.10,10.20,10.10,10.15,0.05,54,4712950
109/08/31,67022,10.15,10.20,10.15,10.15,,15,680323
109/09/01,175590,10.15,10.20,10.15,10.15,0.00,23,1782437
109/09/02,35000,10.15,10.20,10.15,10.20,0.05,10,355400
109/09/03,38200,10.20,10.20,10.15,10.15,0.05,14,387930
109/09/04,225000,10.15,10.15,10.15,10.15,0.00,21,2283750
109/09/07,319000,10.20,10.20,10.20,10.20,0.05,37,3253800
109/09/08,124000,10.20,10.20,10.20,10.20,0.00,21,1264800
109/09/09,288609,10.20,10.20,10.20,10.20,0.00,33,2943810
109/09/10,45569,10.20,10.20,10.20,10.20,0.00,12,464746
109/09/11,35101,10.20,10.20,10.20,10.20,0.00,10,358020
109/09/14,9000,10.20,10.20,10.20,10.20,0.00,5,91800
109/09/15,21099,10.20,10.20,10.20,10.20,0.00,7,215204
109/09/16,37000,10.20,10.25,10.20,10.20,0.00,7,377650
109/09/17,38000,10.25,10.25,10.20,10.20,0.00,10,387700
109/09/18,107596,10.25,10.25,10.20,10.20,0.00,12,1102419
109/09/21,225000,10.20,10.25,10.20,10.25,0.05,31,2305000
109/09/22,243092,10.25,10.25,10.20,10.25,0.00,27,2489947
109/09/23,261000,10.25,10.30,10.20,10.20,0.05,28,2673400
109/09/24,706000,10.25,10.25,10.15,10.15,0.05,72,7208550
109/09/25,185000,10.20,10.20,10.10,10.10,0.00,22,1883700
109/09/28,39000,10.10,10.15,10.10,10.15,0.05,23,394500
109/09/29,10000,10.10,10.20,10.10,10.15,0.00,5,101450
109/09/30,0,--,--,--,--,0.00,0,0
109/10/05,42059,10.10,10.20,10.10,10.20,0.00,16,426698
109/10/06,3000,10.20,10.20,10.20,10.20,0.00,2,30600
109/10/07,44000,10.20,10.20,10.15,10.20,0.00,12,447250
109/10/08,24000,10.15,10.20,10.15,10.15,0.05,14,243650
109/10/12,29000,10.15,10.15,10.15,10.15,0.00,9,294350
109/10/13,31099,10.15,10.15,10.10,10.10,0.05,10,314449
109/10/14,16000,10.10,10.10,10.10,10.10,0.00,15,161600
109/10/15,12000,10.10,10.10,10.10,10.10,0.00,9,121200
109/10/16,1634,10.10,10.10,10.10,10.10,0.00,2,16503
109/10/19,31000,10.10,10.10,10.10,10.10,0.00,24,313100
109/10/20,15000,10.15,10.15,10.10,10.15,0.05,8,152150
109/10/21,7000,10.15,10.15,10.10,10.10,0.05,7,70750
109/10/22,27000,10.10,10.10,10.10,10.10,0.00,25,272700
109/10/23,4000,10.10,10.15,10.10,10.15,0.05,3,40550
109/10/26,3503,10.15,10.15,10.15,10.15,0.00,5,35480
109/10/27,10000,10.10,10.10,10.10,10.10,0.05,4,101000
109/10/28,128000,10.10,10.15,10.10,10.10,0.00,117,1293000
109/10/29,85415,10.10,10.10,10.05,10.10,0.00,32,862538
109/10/30,25130,10.10,10.15,10.10,10.10,0.00,10,253856
109/11/02,13306,10.10,10.10,10.10,10.10,0.00,6,134390
109/11/03,50054,10.10,10.10,10.10,10.10,0.00,13,505550
109/11/04,11000,10.10,10.15,10.10,10.15,0.05,5,111200
109/11/05,7000,10.10,10.15,10.10,10.15,0.00,4,70800
109/11/06,93091,10.15,10.15,10.10,10.10,0.05,24,940323
109/11/09,35500,10.10,10.10,10.10,10.10,0.00,5,358500
109/11/10,12207,10.10,10.15,10.10,10.15,0.05,7,123751
109/11/11,56132,10.10,10.15,10.10,10.15,0.00,22,569593
109/11/12,26100,10.15,10.15,10.15,10.15,0.00,6,264915
109/11/13,27496,10.15,10.15,10.10,10.15,0.00,14,278495
109/11/16,41510,10.15,10.15,10.10,10.10,0.05,16,420654
109/11/17,15957,10.15,10.15,10.10,10.15,0.05,8,161865
109/11/18,16198,10.15,10.15,10.15,10.15,0.00,8,164399
109/11/19,53000,10.15,10.15,10.15,10.15,0.00,4,537950
109/11/20,9060,10.15,10.15,10.15,10.15,0.00,4,91956
109/11/23,18032,10.15,10.15,10.15,10.15,0.00,8,183024
109/11/24,31000,10.15,10.20,10.15,10.15,0.00,5,314700
109/11/25,16200,10.15,10.15,10.15,10.15,0.00,6,164440
109/11/26,37000,10.15,10.15,10.15,10.15,0.00,9,375550
109/11/27,903,--,--,--,--,0.00,3,9157
109/11/30,26595,10.15,10.20,10.15,10.20,0.00,12,269942
109/12/01,8000,10.15,10.15,10.15,10.15,0.05,2,81200
109/12/02,29000,10.20,10.20,10.15,10.20,0.05,11,295000
109/12/03,59000,10.15,10.15,10.15,10.15,0.05,20,598850
109/12/04,25000,10.15,10.15,10.15,10.15,0.00,9,253750
109/12/07,17000,10.15,10.15,10.15,10.15,0.00,8,172550
109/12/08,43400,10.15,10.20,10.15,10.15,0.00,13,442040
109/12/09,19000,10.15,10.15,10.15,10.15,0.00,5,192850
109/12/10,40000,10.15,10.15,10.15,10.15,0.00,9,406000
109/12/11,19310,10.15,10.15,10.15,10.15,0.00,7,195980
109/12/14,91000,10.15,10.15,10.15,10.15,0.00,10,923650
109/12/15,66319,10.15,10.15,10.10,10.15,0.00,19,672637
109/12/16,44197,10.15,10.15,10.15,10.15,0.00,22,448538
109/12/17,11416,10.15,10.15,10.10,10.15,0.00,8,115721
109/12/18,6032,10.15,10.15,10.10,10.15,0.00,7,61173
109/12/21,45700,10.15,10.15,10.15,10.15,0.00,7,463820
109/12/22,57728,10.15,10.20,10.15,10.15,0.00,10,586325
109/12/23,30000,10.15,10.15,10.10,10.15,0.00,4,304450
109/12/24,9000,10.15,10.15,10.15,10.15,0.00,3,91350
109/12/25,14032,10.15,10.15,10.15,10.15,0.00,10,142424
109/12/28,4292,10.15,10.15,10.15,10.15,0.00,3,43563
109/12/29,42100,10.15,10.15,10.15,10.15,0.00,11,427310
109/12/30,14098,10.15,10.15,10.15,10.15,0.00,4,143094
109/12/31,28400,10.15,10.15,10.15,10.15,0.00,8,288260
110/01/04,24075,10.15,10.15,10.15,10.15,0.00,15,244365
110/01/05,57000,10.15,10.20,10.15,10.15,0.00,17,579650
110/01/06,45695,10.15,10.15,10.15,10.15,0.00,17,463768
110/01/07,120000,10.15,10.20,10.15,10.20,0.05,21,1218750
110/01/08,9000,10.15,10.20,10.15,10.20,0.00,4,91600
110/01/11,157193,10.15,10.20,10.15,10.15,0.05,21,1595749
110/01/12,119030,10.15,10.20,10.15,10.15,0.00,25,1213154
110/01/13,78000,10.15,10.20,10.15,10.20,0.05,15,793000
110/01/14,11000,10.15,10.15,10.15,10.15,0.05,1,111650
110/01/15,26000,10.15,10.15,10.15,10.15,0.00,9,263900
110/01/18,71994,10.15,10.15,10.10,10.10,0.05,17,730389
110/01/19,70000,10.15,10.15,10.10,10.15,0.05,19,709450
110/01/20,69000,10.15,10.15,10.10,10.10,0.05,41,697700
110/01/21,18287,10.15,10.15,10.10,10.15,0.05,14,185148
110/01/22,39000,10.10,10.20,10.10,10.15,0.00,10,397000
110/01/25,99000,10.15,10.15,10.15,10.15,0.00,9,1004850
110/01/26,11000,10.15,10.15,10.15,10.15,0.00,5,111650
110/01/27,33733,10.15,10.15,10.15,10.15,0.00,9,342414
110/01/28,32000,10.10,10.10,10.10,10.10,0.05,13,323200
110/01/29,4000,10.10,10.10,10.10,10.10,0.00,3,40400
110/02/01,5000,10.10,10.15,10.10,10.15,0.05,4,50550
110/02/02,23000,10.15,10.15,10.15,10.15,0.00,6,233450
110/02/03,0,--,--,--,--,0.00,0,0
110/02/04,41000,10.10,10.15,10.10,10.15,0.00,15,415600
110/02/05,58000,10.10,10.15,10.10,10.15,0.00,34,586500
110/02/17,40099,10.15,10.15,10.10,10.15,0.00,23,406254
110/02/18,25500,10.15,10.15,10.10,10.15,0.00,15,258575
110/02/19,3000,10.15,10.15,10.15,10.15,0.00,3,30450
110/02/22,122000,10.15,10.15,10.10,10.10,0.05,52,1233300
110/02/23,27000,10.15,10.15,10.15,10.15,0.05,7,274050
110/02/24,14735,10.15,10.15,10.10,10.15,0.00,10,149443
110/02/25,29000,10.15,10.15,10.10,10.15,0.00,10,294250
110/02/26,11000,10.15,10.15,10.10,10.10,0.05,5,111150
110/03/02,25006,10.15,10.15,10.15,10.15,0.05,13,253810
110/03/03,24000,10.15,10.15,10.15,10.15,0.00,6,243600
110/03/04,28321,10.15,10.20,10.15,10.20,0.05,13,287991
110/03/05,30943,10.20,10.20,10.15,10.15,0.05,18,314522
110/03/08,10271,10.15,10.15,10.15,10.15,0.00,5,104250
110/03/09,18300,10.15,10.20,10.15,10.20,0.05,10,185860
110/03/10,40097,10.20,10.20,10.20,10.20,0.00,15,408989
110/03/11,12000,10.20,10.25,10.20,10.25,0.05,4,122500
110/03/12,50542,10.20,10.25,10.20,10.25,0.00,24,515762
110/03/15,5060,10.20,10.20,10.20,10.20,0.05,4,51612
110/03/16,178000,10.20,10.20,10.15,10.20,0.00,52,1808850
110/03/17,2695,10.20,10.20,10.20,10.20,0.00,4,27428
110/03/18,27628,10.20,10.25,10.20,10.20,0.00,15,281922
110/03/19,51596,10.20,10.20,10.15,10.15,0.05,18,525749
110/03/22,14000,10.20,10.20,10.20,10.20,0.05,6,142800
110/03/23,235451,10.20,10.20,10.10,10.15,0.05,58,2389827
110/03/24,198000,10.15,10.20,10.15,10.15,0.00,34,2009800
110/03/25,29000,10.15,10.20,10.15,10.20,0.05,11,295500
110/03/26,209222,10.20,10.20,10.15,10.15,0.05,62,2125229
110/03/29,58915,10.15,10.20,10.15,10.20,0.05,44,598484
110/03/30,121000,10.20,10.20,10.20,10.20,0.00,28,1234200
110/03/31,259999,10.20,10.20,10.15,10.15,0.05,58,2640737
110/04/01,14188,10.15,10.20,10.15,10.20,0.05,7,144458
110/04/06,66017,10.15,10.20,10.15,10.15,0.05,12,670827
110/04/07,332392,10.20,10.20,10.15,10.15,0.00,69,3387013
110/04/08,533099,10.15,10.20,10.15,10.15,0.00,71,5411104
110/04/09,314989,10.20,10.20,10.15,10.15,0.00,28,3197786
110/04/12,395578,10.15,10.15,10.15,10.15,0.00,131,4015016
110/04/13,27337,10.15,10.15,10.15,10.15,0.00,65,277420
110/04/14,347089,10.15,10.20,10.15,10.15,0.00,128,3523377
110/04/15,117362,10.15,10.15,10.15,10.15,0.00,62,1191192
110/04/16,620000,10.15,10.20,10.15,10.15,0.00,67,6303500
110/04/19,44120,10.15,10.20,10.15,10.20,0.05,16,448724
110/04/20,98987,10.20,10.20,10.15,10.20,0.00,71,1008894
110/04/21,115232,10.20,10.20,10.15,10.15,0.05,58,1174989
110/04/22,626826,10.15,10.20,10.15,10.15,0.00,83,6362304
110/04/23,630994,10.15,10.20,10.15,10.15,0.00,92,6417048
110/04/26,311909,10.20,10.20,10.15,10.20,0.05,205,3168290
110/04/27,578006,10.15,10.15,10.10,10.15,0.05,171,5851461
110/04/28,650892,10.15,10.15,10.10,10.10,0.05,203,6578998
110/04/29,562673,10.15,10.20,10.10,10.15,0.05,141,5699157
110/05/03,140178,10.15,10.20,10.10,10.10,0.05,194,1419496
110/05/04,199198,10.10,10.25,10.10,10.15,0.05,67,2027345
110/05/05,23468,10.20,10.20,10.15,10.20,0.05,83,238982
110/05/06,79099,10.20,10.20,10.15,10.15,0.05,48,806240
110/05/07,60108,10.15,10.20,10.15,10.15,0.00,14,610296
110/05/10,111496,10.20,10.20,10.15,10.15,0.00,28,1132029
110/05/11,108200,10.15,10.15,10.10,10.15,0.00,23,1096600
110/05/12,922000,10.15,10.20,10.00,10.10,0.05,112,9282700
110/05/13,278000,10.05,10.10,9.99,10.10,0.00,55,2784300
110/05/14,16028,10.10,10.10,10.05,10.10,0.00,12,161433
110/05/17,371440,10.05,10.05,10.00,10.05,0.05,77,3719195
110/05/18,63000,10.05,10.10,10.05,10.10,0.05,15,635900
110/05/19,54412,10.10,10.10,10.05,10.10,0.00,13,549440
110/05/20,42000,10.10,10.10,10.05,10.10,0.00,14,422950
110/05/21,33990,10.10,10.10,10.05,10.10,0.00,118,343000
110/05/24,37000,10.05,10.10,10.05,10.10,0.00,11,373200
110/05/25,31255,10.10,10.10,10.05,10.10,0.00,19,315608
110/05/26,5059,10.10,10.10,10.10,10.10,0.00,8,51090
110/05/27,20000,10.10,10.10,10.05,10.05,0.05,4,201250
110/05/28,54098,10.10,10.15,10.05,10.10,0.05,19,545330
110/05/31,93000,10.15,10.20,10.15,10.15,0.05,26,944100
110/06/01,51010,10.15,10.20,10.15,10.15,0.00,13,517801
110/06/02,424198,10.15,10.15,10.00,10.10,0.05,68,4263143
110/06/03,87195,10.15,10.15,10.15,10.15,0.05,19,885055
110/06/04,21000,10.20,10.20,10.15,10.15,0.00,6,213200
110/06/07,240000,10.20,10.20,10.10,10.15,0.00,28,2426750
110/06/08,6000,10.10,10.10,10.10,10.10,0.05,2,60600
110/06/09,33000,10.10,10.15,10.10,10.15,0.05,4,334900
110/06/10,18000,10.15,10.15,10.15,10.15,0.00,5,182700
110/06/11,8060,10.15,10.15,10.15,10.15,0.00,12,81800
110/06/15,20000,10.15,10.15,10.15,10.15,0.00,2,203000
110/06/16,5010,10.15,10.15,10.15,10.15,0.00,2,50851
110/06/17,32000,10.15,10.15,10.15,10.15,0.00,7,324800
110/06/18,22000,10.15,10.15,10.15,10.15,0.00,7,223300
110/06/21,15905,10.15,10.15,10.10,10.15,0.00,107,161045
110/06/22,5083,10.15,10.15,10.15,10.15,0.00,16,51580
110/06/23,15000,10.15,10.15,10.15,10.15,0.00,5,152250
110/06/24,7000,10.15,10.20,10.15,10.20,0.05,2,71300
110/06/25,18000,10.15,10.20,10.15,10.20,0.00,5,183200
110/06/28,47047,10.15,10.20,10.15,10.15,0.05,19,477770
110/06/29,33033,10.15,10.20,10.15,10.20,0.05,11,335780
110/06/30,97101,10.20,10.20,10.15,10.20,0.00,28,990162
110/07/01,9060,10.20,10.20,10.20,10.20,0.00,5,92412
110/07/02,139977,10.20,10.20,10.15,10.20,0.00,48,1427063
110/07/05,210081,10.20,10.20,10.20,10.20,0.00,42,2142830
110/07/06,72087,10.20,10.20,10.15,10.20,0.00,26,735224
110/07/07,68181,10.20,10.20,10.15,10.20,0.00,23,694788
110/07/08,211000,10.20,10.20,10.20,10.20,0.00,24,2152200
110/07/09,238000,10.20,10.20,10.20,10.20,0.00,30,2427600
110/07/12,171381,10.20,10.20,10.20,10.20,0.00,24,1748086
110/07/13,318365,10.20,10.25,10.20,10.20,0.00,56,3248855
110/07/14,224000,10.20,10.25,10.20,10.25,0.05,28,2284850
110/07/15,183000,10.25,10.25,10.20,10.20,0.05,31,1875550
110/07/16,41099,10.25,10.25,10.20,10.20,0.00,36,420290
110/07/19,158000,10.20,10.20,10.20,10.20,0.00,23,1611600
110/07/20,265000,10.20,10.20,10.20,10.20,0.00,40,2703000
110/07/21,284039,10.20,10.25,10.15,10.20,0.00,39,2897399
110/07/22,247805,10.25,10.25,10.20,10.25,0.05,30,2539911
110/07/23,317573,10.25,10.25,10.25,10.25,0.00,70,3255121
110/07/26,1503901,9.91,9.99,9.89,9.99,0.00,308,14915130
110/07/27,344119,9.99,9.99,9.95,9.97,0.02,138,3431167
110/07/28,161302,9.97,9.98,9.95,9.97,0.00,59,1607494
110/07/29,160000,9.97,9.97,9.95,9.96,0.01,41,1593650
110/07/30,165377,9.96,9.96,9.95,9.96,0.00,51,1646063
110/08/02,161000,9.96,10.00,9.96,9.98,0.02,22,1606060
110/08/03,91000,9.98,9.98,9.98,9.98,0.00,21,908180
110/08/04,59598,9.98,9.98,9.97,9.98,0.00,65,594599
110/08/05,29000,9.98,9.98,9.95,9.97,0.01,16,289190
110/08/06,127000,9.97,9.98,9.97,9.98,0.01,12,1267100
110/08/09,36000,9.98,9.98,9.96,9.96,0.02,14,358990
110/08/10,109005,9.96,9.96,9.95,9.95,0.01,16,1085619
110/08/11,22000,9.96,9.96,9.96,9.96,0.01,8,219120
110/08/12,83000,9.96,9.96,9.95,9.95,0.01,16,826560
110/08/13,93000,9.95,9.96,9.95,9.95,0.00,26,925410
110/08/16,101000,9.94,9.94,9.92,9.93,0.02,33,1002730
110/08/17,141000,9.94,9.94,9.93,9.93,0.00,29,1401320
110/08/18,111000,9.93,9.94,9.93,9.94,0.01,16,1102280
110/08/19,239000,9.93,9.94,9.92,9.92,0.02,29,2371680
110/08/20,20139,9.93,9.94,9.93,9.93,0.01,47,200093
110/08/23,100000,9.94,9.94,9.93,9.93,0.00,25,993030
110/08/24,309000,9.93,9.93,9.92,9.93,0.00,32,3065780
110/08/25,202099,9.93,9.93,9.92,9.93,0.00,40,2005463
110/08/26,199000,9.92,9.93,9.92,9.93,0.00,33,1974950
110/08/27,117516,9.93,9.95,9.92,9.94,0.01,98,1166833
110/08/30,217100,9.93,9.94,9.93,9.94,0.00,33,2156384
110/08/31,76000,9.95,9.96,9.95,9.96,0.02,9,756210
110/09/01,141000,9.96,9.96,9.94,9.94,0.02,19,1402960
110/09/02,71001,9.94,9.94,9.94,9.94,0.00,15,705749
110/09/03,180000,9.94,9.95,9.94,9.94,0.00,35,1789860
110/09/06,157198,9.95,9.95,9.94,9.95,0.01,79,1563233
110/09/07,123052,9.95,9.96,9.95,9.96,0.01,54,1224669
110/09/08,67000,9.96,9.96,9.94,9.96,0.00,23,666860
110/09/09,27000,9.96,9.96,9.96,9.96,0.00,5,268920
110/09/10,98000,9.96,9.96,9.95,9.96,0.00,18,975430
110/09/13,127099,9.96,9.97,9.96,9.97,0.01,22,1266207
110/09/14,207032,9.97,9.98,9.93,9.98,0.01,38,2061568
110/09/15,51000,9.98,9.98,9.97,9.97,0.01,29,508480
110/09/16,22000,9.97,9.97,9.96,9.96,0.01,13,219170
110/09/17,83000,9.96,9.96,9.92,9.94,0.02,29,824870
110/09/22,528038,9.95,9.96,9.90,9.96,0.02,87,5243627
110/09/23,187123,9.93,9.95,9.91,9.95,0.01,59,1856001
110/09/24,69101,9.94,9.95,9.94,9.95,0.00,118,686829
110/09/27,47000,9.95,9.95,9.94,9.94,0.01,10,467200
110/09/28,218000,9.94,9.94,9.94,9.94,0.00,19,2166920
110/09/29,34100,9.94,9.95,9.94,9.94,0.00,12,338964
110/09/30,211000,9.94,9.95,9.94,9.94,0.00,10,2097540
110/10/01,198032,9.94,9.94,9.92,9.94,0.00,35,1966107
110/10/04,101000,9.94,9.95,9.93,9.95,0.01,18,1004010
110/10/05,42000,9.93,9.95,9.93,9.95,0.00,16,417480
110/10/06,37481,9.95,9.95,9.94,9.94,0.01,20,372780
110/10/07,51000,9.94,9.95,9.94,9.95,0.01,12,507440
110/10/08,156970,9.95,9.95,9.93,9.95,0.00,38,1559620
110/10/12,110013,9.95,9.95,9.93,9.95,0.00,30,1092819
110/10/13,165000,9.95,9.95,9.93,9.95,0.00,27,1639970
110/10/14,123065,9.95,9.95,9.93,9.95,0.00,22,1222496
110/10/15,212020,9.95,9.95,9.94,9.95,0.00,25,2108468
110/10/18,120000,9.95,9.95,9.94,9.94,0.01,18,1192840
110/10/19,277000,9.94,9.95,9.94,9.95,0.01,57,2755450
110/10/20,484005,9.94,9.95,9.93,9.95,0.00,66,4809459
110/10/21,119000,9.95,9.96,9.94,9.94,0.01,23,1183590
110/10/22,78504,9.95,9.95,9.94,9.95,0.01,11,780759
110/10/25,42000,9.95,9.95,9.94,9.95,0.00,12,417850
110/10/26,17127,9.95,9.96,9.95,9.96,0.01,10,170443
110/10/27,50000,9.97,9.99,9.97,9.99,0.03,15,498850
110/10/28,121180,9.98,9.99,9.96,9.98,0.01,202,1208970
110/10/29,92000,9.99,9.99,9.97,9.97,0.01,23,918210
110/11/01,50000,9.97,9.98,9.97,9.98,0.01,13,498840
110/11/02,59414,10.00,10.00,9.98,10.00,0.02,21,593370
110/11/03,56000,9.99,10.00,9.99,10.00,0.00,15,559800
110/11/04,55000,10.00,10.05,10.00,10.05,0.05,10,550550
110/11/05,14000,10.00,10.05,10.00,10.00,0.05,7,140400
110/11/08,21100,10.05,10.05,10.05,10.05,0.05,5,212060
110/11/09,29000,10.05,10.05,10.05,10.05,0.00,6,291450
110/11/10,22000,10.05,10.05,10.00,10.05,0.00,9,220300
110/11/11,12000,10.05,10.05,10.05,10.05,0.00,5,120600
110/11/12,56000,10.05,10.05,10.00,10.05,0.00,13,561650
110/11/15,65000,10.05,10.05,10.00,10.05,0.00,9,652750
110/11/16,81000,10.05,10.10,10.05,10.05,0.00,17,814150
110/11/17,98000,10.05,10.10,10.05,10.10,0.05,27,988650
110/11/18,54503,10.10,10.15,10.10,10.15,0.05,25,550955
110/11/19,44429,10.15,10.15,10.10,10.10,0.05,22,449348
110/11/22,104319,10.10,10.15,10.10,10.10,0.00,21,1053787
110/11/23,62000,10.10,10.10,10.10,10.10,0.00,9,626200
110/11/24,45000,10.10,10.10,10.05,10.10,0.00,13,454450
110/11/25,78198,10.10,10.10,10.10,10.10,0.00,15,789789
110/11/26,57000,10.10,10.10,10.05,10.10,0.00,7,575650
110/11/29,6000,10.10,10.10,10.05,10.05,0.05,5,60350
110/11/30,96298,10.05,10.05,10.05,10.05,0.00,67,967799
110/12/01,103000,10.10,10.10,10.10,10.10,0.05,14,1040300
110/12/02,8423,10.10,10.10,10.10,10.10,0.00,17,85020
110/12/03,41150,10.10,10.10,10.10,10.10,0.00,56,415600
110/12/06,86151,10.10,10.20,10.10,10.15,0.05,64,875510
110/12/07,72000,10.20,10.20,10.15,10.15,0.00,17,730850
110/12/08,117005,10.15,10.20,10.15,10.15,0.00,20,1188001
110/12/09,4000,10.15,10.15,10.15,10.15,0.00,2,40600
110/12/10,39012,10.15,10.15,10.10,10.15,0.00,8,395720
110/12/13,9000,10.10,10.10,10.10,10.10,0.05,2,90900
110/12/14,35994,10.10,10.10,10.10,10.10,0.00,32,363470
110/12/15,5000,10.10,10.10,10.10,10.10,0.00,4,50500
110/12/16,133198,10.10,10.10,10.05,10.05,0.05,62,1345080
110/12/17,39270,10.10,10.10,10.10,10.10,0.05,38,396600
110/12/20,41100,10.10,10.10,10.10,10.10,0.00,21,415100
110/12/21,34326,10.10,10.10,10.05,10.10,0.00,131,346097
110/12/22,219198,10.10,10.10,10.10,10.10,0.00,44,2213881
110/12/23,94000,10.10,10.10,10.10,10.10,0.00,23,949400
110/12/24,91192,10.10,10.15,10.10,10.10,0.00,36,921270
110/12/27,104000,10.10,10.10,10.10,10.10,0.00,15,1050400
110/12/28,61048,10.10,10.10,10.10,10.10,0.00,21,616580
110/12/29,100000,10.10,10.10,10.10,10.10,0.00,14,1010000
110/12/30,188294,10.10,10.10,10.05,10.10,0.00,124,1895090
111/01/03,46362,10.10,10.10,10.10,10.10,0.00,56,468220
111/01/04,223000,10.15,10.15,10.10,10.10,0.00,73,2256600
111/01/05,244397,10.10,10.15,10.10,10.10,0.00,68,2468420
111/01/06,36018,10.10,10.15,10.10,10.15,0.05,10,364280
111/01/07,42200,10.10,10.10,10.10,10.10,0.05,9,426240
111/01/10,39320,10.10,10.10,10.10,10.10,0.00,43,397133
111/01/11,42300,10.10,10.15,10.10,10.10,0.00,27,427470
111/01/12,146297,10.15,10.15,10.10,10.15,0.05,78,1478870
111/01/13,1515728,10.10,10.35,10.10,10.30,0.15,239,15544012
111/01/14,403932,10.35,10.35,10.25,10.25,0.05,91,4157822
111/01/17,122746,10.25,10.25,10.20,10.25,0.00,27,1258029
111/01/18,33300,10.20,10.25,10.20,10.25,0.00,14,341289
111/01/19,148099,10.25,10.25,10.20,10.25,0.00,57,1516990
111/01/20,52000,10.20,10.25,10.20,10.25,0.00,15,531750
111/01/21,89000,10.25,10.25,10.20,10.20,0.05,19,908200
111/01/24,50032,10.20,10.20,10.15,10.20,0.00,11,510174
111/01/25,165000,10.20,10.20,10.15,10.15,0.05,32,1679050
111/01/26,86100,10.15,10.20,10.15,10.20,0.05,44,875350
111/02/07,124000,10.20,10.25,10.20,10.20,0.00,22,1264950
111/02/08,94099,10.25,10.30,10.25,10.30,0.10,29,966659
111/02/09,232605,10.30,10.35,10.25,10.30,0.00,127,2395029
111/02/10,78638,10.30,10.30,10.25,10.25,0.05,20,806170
111/02/11,10585,10.30,10.30,10.25,10.25,0.00,113,108690
111/02/14,222023,10.25,10.30,10.25,10.30,0.05,48,2281436
111/02/15,78435,10.30,10.30,10.25,10.25,0.05,121,807397
111/02/16,183200,10.30,10.30,10.30,10.30,0.05,21,1886969
111/02/17,285537,10.30,10.35,10.30,10.30,0.00,41,2941978
111/02/18,220000,10.30,10.30,10.30,10.30,0.00,25,2266000
111/02/21,539000,10.30,10.35,10.30,10.30,0.00,13,5551950
111/02/22,111350,10.30,10.35,10.30,10.35,0.05,49,1147128
111/02/23,60000,10.30,10.30,10.30,10.30,0.05,4,618000
111/02/24,46000,10.30,10.30,10.25,10.25,0.05,12,472650
111/02/25,41000,10.25,10.30,10.25,10.25,0.00,10,420450
111/03/01,0,--,--,--,--,0.00,0,0
111/03/02,12128,10.25,10.30,10.25,10.25,0.00,7,124368
111/03/03,75005,10.30,10.30,10.25,10.30,0.05,18,771551
111/03/04,14000,10.25,10.30,10.25,10.30,0.00,7,143550
111/03/07,184920,10.25,10.30,10.20,10.25,0.05,130,1893853
111/03/08,152100,10.20,10.20,10.15,10.15,0.10,31,1548925
111/03/09,78000,10.20,10.25,10.20,10.20,0.05,21,795750
111/03/10,17230,10.20,10.25,10.20,10.20,0.00,73,175856
111/03/11,53000,10.20,10.20,10.20,10.20,0.00,12,540600
111/03/14,39332,10.20,10.25,10.20,10.20,0.00,121,402120
111/03/15,26000,10.20,10.25,10.20,10.20,0.00,12,265300
111/03/16,25941,10.20,10.25,10.20,10.20,0.00,55,264664
111/03/17,157203,10.20,10.25,10.20,10.25,0.05,50,1611049
111/03/18,942351,10.30,10.30,10.25,10.25,0.00,53,9673214
111/03/21,2220309,10.35,10.35,10.25,10.25,0.00,164,22862953
111/03/22,1876197,10.30,10.35,10.25,10.30,0.05,109,19252738
111/03/23,5978308,10.35,10.80,10.35,10.80,0.50,754,63313798
111/03/24,6716732,10.70,10.85,10.45,10.50,0.30,475,72062612
111/03/25,1935349,10.55,10.55,10.30,10.35,0.15,435,20061053
111/03/28,138756,10.35,10.40,10.30,10.40,0.05,32,1437173
111/03/29,326000,10.45,10.45,10.30,10.35,0.05,45,3375800
111/03/30,410306,10.45,10.45,10.40,10.45,0.10,85,4278480
111/03/31,331454,10.40,10.50,10.35,10.40,0.05,66,3452135
111/04/01,702728,10.45,10.45,10.40,10.45,0.05,45,7341884
111/04/06,653525,10.45,10.55,10.45,10.50,0.05,137,6852412
111/04/07,1343493,10.50,10.65,10.45,10.50,0.00,135,14178236
111/04/08,281000,10.45,10.55,10.40,10.55,0.05,59,2931200
111/04/11,113657,10.60,10.60,10.45,10.50,0.05,28,1194329
111/04/12,244000,10.45,10.45,10.40,10.40,0.10,47,2539500
111/04/13,407000,10.40,10.40,10.35,10.40,0.00,28,4232550
111/04/14,567948,10.40,10.40,10.30,10.40,0.00,111,5878860
111/04/15,1580015,10.40,10.45,10.40,10.40,0.00,20,16432206
111/04/18,786002,10.40,10.40,10.30,10.35,0.05,78,8097871
111/04/19,239000,10.30,10.35,10.30,10.35,0.00,16,2473600
111/04/20,48116,10.35,10.40,10.35,10.35,0.00,16,499144
111/04/21,9225,10.35,10.35,10.35,10.35,0.00,9,95478
111/04/22,61005,10.35,10.40,10.30,10.40,0.05,12,633352
111/04/25,180261,10.35,10.40,10.35,10.40,0.00,21,1865712
111/04/26,30000,10.35,10.40,10.35,10.35,0.05,10,310550
111/04/27,215020,10.35,10.35,10.30,10.35,0.00,34,2222356
111/04/28,4686,10.35,10.35,10.35,10.35,0.00,7,48431
111/04/29,44200,10.35,10.35,10.30,10.35,0.00,19,457270
111/05/03,24463,10.35,10.35,10.35,10.35,0.00,12,253190
111/05/04,45000,10.35,10.35,10.30,10.35,0.00,11,465250
111/05/05,46000,10.35,10.35,10.30,10.35,0.00,18,475699
111/05/06,85000,10.35,10.35,10.30,10.35,0.00,16,877500
111/05/09,344164,10.35,10.35,10.25,10.25,0.10,65,3542271
111/05/10,136000,10.30,10.30,10.25,10.25,0.00,46,1394050
111/05/11,109000,10.25,10.25,10.25,10.25,0.00,31,1117250
111/05/12,444000,10.25,10.25,10.15,10.15,0.10,99,4529050
111/05/13,174000,10.15,10.15,10.15,10.15,0.00,25,1766100
111/05/16,300000,10.20,10.20,10.15,10.15,0.00,91,3045050
111/05/17,54000,10.15,10.25,10.15,10.25,0.10,13,550950
111/05/18,325111,10.30,10.30,10.20,10.20,0.05,40,3323576
111/05/19,395146,10.20,10.20,10.15,10.15,0.05,58,4014781
111/05/20,233000,10.20,10.20,10.15,10.15,0.00,23,2370350
111/05/23,80000,10.20,10.20,10.15,10.15,0.00,6,813500
111/05/24,80487,10.20,10.25,10.20,10.20,0.05,25,823891
111/05/25,196132,10.20,10.25,10.20,10.25,0.05,62,2009170
111/05/26,164000,10.30,10.30,10.25,10.30,0.05,42,1689150
111/05/27,28120,10.30,10.30,10.30,10.30,0.00,59,289600
111/05/30,61162,10.30,10.35,10.30,10.30,0.00,74,630020
111/05/31,21000,10.30,10.30,10.25,10.30,0.00,10,216100
111/06/01,17080,10.30,10.30,10.25,10.25,0.05,31,175850
111/06/02,5000,10.30,10.30,10.30,10.30,0.05,3,51500
111/06/06,42000,10.30,10.30,10.30,10.30,0.00,16,432600
111/06/07,175902,10.30,10.30,10.30,10.30,0.00,139,1811639
111/06/08,113688,10.30,10.30,10.25,10.30,0.00,96,1170801
111/06/09,135802,10.30,10.30,10.30,10.30,0.00,24,1398760
111/06/10,89003,10.30,10.35,10.30,10.30,0.00,23,917980
111/06/13,73000,10.25,10.25,10.25,10.25,0.05,12,748250
111/06/14,12483,10.25,10.25,10.25,10.25,0.00,165,127830
111/06/15,34000,10.25,10.30,10.25,10.30,0.05,15,349100
111/06/16,2001,10.25,10.25,10.25,10.25,0.05,2,20510
111/06/17,117000,10.25,10.30,10.20,10.25,0.00,28,1199550
111/06/20,93521,10.25,10.30,10.20,10.25,0.00,20,958390
111/06/21,11520,10.20,10.30,10.20,10.30,0.05,179,117750
111/06/22,42146,10.25,10.30,10.25,10.25,0.05,71,433560
111/06/23,26000,10.30,10.30,10.30,10.30,0.05,8,267800
111/06/24,36000,10.30,10.35,10.30,10.30,0.00,14,371800
111/06/27,141000,10.30,10.35,10.30,10.35,0.05,51,1459300
111/06/28,26614,10.40,10.40,10.35,10.35,0.00,30,275910
111/06/29,16000,10.40,10.40,10.35,10.35,0.00,7,165900
111/06/30,109000,10.40,10.40,10.35,10.40,0.05,19,1128600
111/07/01,44198,10.35,10.40,10.35,10.35,0.05,18,457509
111/07/04,29993,10.35,10.35,10.30,10.35,0.00,10,310276
111/07/05,299211,10.30,10.35,10.30,10.30,0.05,20,3081983
111/07/06,13000,10.30,10.35,10.30,10.30,0.00,8,134000
111/07/07,163853,10.30,10.30,10.30,10.30,0.00,35,1687678
111/07/08,74059,10.30,10.35,10.30,10.30,0.00,16,763104
111/07/11,1234000,10.35,10.35,10.30,10.30,0.00,55,12711050
111/07/12,146000,10.30,10.30,10.30,10.30,0.00,16,1503800
111/07/13,64299,10.30,10.30,10.25,10.30,0.00,118,662089
111/07/14,31000,10.30,10.30,10.30,10.30,0.00,9,319300
111/07/15,337000,10.30,10.35,10.30,10.30,0.00,31,3471200
111/07/18,241005,10.35,10.35,10.30,10.30,0.00,34,2492351
111/07/19,483913,9.98,9.98,9.97,9.98,0.00,653,4827913
111/07/20,260736,9.99,9.99,9.96,9.96,0.02,133,2600720
111/07/21,92395,9.97,9.98,9.96,9.97,0.01,368,920817
111/07/22,139501,9.98,9.99,9.97,9.99,0.02,74,1392774
111/07/25,148252,9.99,10.00,9.99,10.00,0.01,46,1481950
111/07/26,57021,9.99,10.00,9.99,10.00,0.00,16,570100
111/07/27,222529,10.00,10.05,10.00,10.05,0.05,26,2229539
111/07/28,4099,10.05,10.05,10.05,10.05,0.00,4,41190
111/07/29,20033,10.05,10.05,10.00,10.00,0.05,7,201080
111/08/01,52092,10.05,10.05,10.00,10.00,0.00,16,520974
111/08/02,133099,10.00,10.05,9.99,10.05,0.05,22,1330930
111/08/03,52260,10.05,10.05,9.99,10.05,0.00,14,522753
111/08/04,157200,9.99,10.05,9.99,10.00,0.05,21,1572980
111/08/05,3200,10.00,10.00,10.00,10.00,0.00,5,32010
111/08/08,89404,10.00,10.05,10.00,10.05,0.05,19,894259
111/08/09,135002,10.00,10.05,10.00,10.00,0.05,27,1350120
111/08/10,76000,10.00,10.00,9.99,9.99,0.01,26,759780
111/08/11,208198,10.00,10.05,9.99,10.00,0.01,43,2082430
111/08/12,215000,10.00,10.00,9.99,9.99,0.01,40,2149460
111/08/15,125548,10.00,10.05,9.99,10.00,0.01,33,1255343
111/08/16,29000,10.00,10.05,10.00,10.05,0.05,8,291050
111/08/17,64000,10.05,10.05,10.00,10.05,0.00,20,642700
111/08/18,92200,10.05,10.10,10.05,10.10,0.05,15,926670
111/08/19,157100,10.05,10.05,10.00,10.05,0.05,18,1573710
111/08/22,124000,10.05,10.05,10.00,10.00,0.05,9,1245700
111/08/23,222000,10.00,10.00,10.00,10.00,0.00,28,2220000
111/08/24,81000,10.00,10.05,10.00,10.05,0.05,11,813050
111/08/25,40000,10.05,10.05,10.05,10.05,0.00,8,402000
111/08/26,57000,10.05,10.05,10.05,10.05,0.00,6,572850
111/08/29,15100,10.00,10.05,10.00,10.00,0.05,9,151400
111/08/30,85165,10.00,10.05,10.00,10.05,0.05,13,855507
111/08/31,515000,10.05,10.05,10.05,10.05,0.00,20,5175750
111/09/01,18000,10.05,10.05,10.05,10.05,0.00,8,180900
111/09/02,26200,10.05,10.05,10.05,10.05,0.00,13,263311
111/09/05,67397,10.05,10.05,10.05,10.05,0.00,19,677299
111/09/06,68000,10.05,10.05,10.05,10.05,0.00,18,683400
111/09/07,11010,10.05,10.10,10.05,10.10,0.05,5,110700
111/09/08,241204,10.05,10.10,10.05,10.10,0.00,33,2431035
111/09/12,10100,10.10,10.10,10.10,10.10,0.00,6,102015
111/09/13,159067,10.10,10.10,10.05,10.10,0.00,30,1599373
111/09/14,11397,10.10,10.10,10.05,10.05,0.05,8,114789
111/09/15,35000,10.05,10.10,10.05,10.10,0.05,4,353250
111/09/16,377000,10.10,10.30,10.05,10.15,0.05,42,3818200
111/09/19,26000,10.15,10.15,10.05,10.15,0.00,8,262900
111/09/20,98000,10.10,10.10,10.10,10.10,0.05,8,989800
111/09/21,244005,10.15,10.15,10.10,10.10,0.00,26,2465100
111/09/22,108000,10.10,10.15,10.10,10.10,0.00,16,1091150
111/09/23,87000,10.15,10.15,10.10,10.10,0.00,9,878850
111/09/26,365200,10.05,10.05,10.00,10.05,0.05,64,3660870
111/09/27,62100,10.05,10.05,10.05,10.05,0.00,16,624105
111/09/28,703400,10.05,10.05,10.00,10.00,0.05,52,7035750
111/09/29,27000,10.00,10.05,10.00,10.05,0.05,7,270200
111/09/30,24000,10.05,10.05,10.00,10.00,0.05,7,240300
111/10/03,128127,10.00,10.05,10.00,10.00,0.00,15,1281426
111/10/04,45597,10.00,10.05,10.00,10.00,0.00,11,456080
111/10/05,54000,10.00,10.05,10.00,10.05,0.05,18,540800
111/10/06,41000,10.05,10.05,10.00,10.00,0.05,12,410050
111/10/07,229696,10.00,10.05,10.00,10.05,0.05,28,2297023
111/10/11,670000,10.00,10.00,9.98,9.99,0.06,71,6694630
111/10/12,663000,9.99,10.00,9.97,9.98,0.01,88,6624400
111/10/13,297005,9.98,9.98,9.94,9.94,0.04,49,2961669
111/10/14,395047,9.94,9.95,9.92,9.94,0.00,125,3925556
111/10/17,442598,9.93,9.93,9.88,9.90,0.04,365,4385113
111/10/18,237510,9.92,9.92,9.90,9.90,0.00,323,2353573
111/10/19,62240,9.91,9.92,9.90,9.90,0.00,261,616270
111/10/20,792493,9.89,9.91,9.81,9.84,0.06,272,7795586
111/10/21,344099,9.83,9.85,9.76,9.76,0.08,46,3375222
111/10/24,26000,9.83,9.84,9.83,9.83,0.07,12,255730
111/10/25,249000,9.83,9.83,9.77,9.80,0.03,27,2442210
111/10/26,442100,9.77,9.78,9.76,9.78,0.02,139,4315370
111/10/27,10100,9.78,9.79,9.78,9.78,0.00,107,98720
111/10/28,1000,9.89,9.89,9.89,9.89,0.11,1,9890
111/10/31,11000,9.89,9.97,9.82,9.93,0.04,8,108680
111/11/01,8100,9.89,9.90,9.89,9.89,0.04,105,80040
111/11/02,44000,9.83,9.92,9.83,9.92,0.03,15,432760
111/11/03,0,--,--,--,--,0.00,0,0
111/11/04,8200,9.90,9.90,9.89,9.89,0.00,204,80930
111/11/07,129397,9.88,9.98,9.88,9.98,0.09,230,1288872
111/11/08,10200,9.96,9.96,9.93,9.96,0.02,208,101280
111/11/09,5000,9.92,9.94,9.91,9.94,0.02,5,49620
111/11/10,94,--,--,--,--,0.00,94,846
111/11/11,81179,9.94,9.94,9.90,9.93,0.00,193,803910
111/11/14,113000,9.97,10.00,9.94,9.97,0.04,11,1128560
111/11/15,300000,9.97,10.00,9.97,10.00,0.03,27,2999730
111/11/16,487001,10.00,10.00,9.99,10.00,0.00,13,4869950
111/11/17,68000,9.99,10.00,9.99,10.00,0.00,13,679920
111/11/18,51000,10.00,10.00,10.00,10.00,0.00,7,510000
111/11/21,130099,10.00,10.00,10.00,10.00,0.00,5,1300990
111/11/22,10000,10.00,10.00,10.00,10.00,0.00,1,100000
111/11/23,34000,10.00,10.00,10.00,10.00,0.00,6,340000
111/11/24,12000,10.00,10.00,9.97,9.99,0.01,5,119780
111/11/25,30000,9.98,9.98,9.96,9.97,0.02,8,299050
111/11/28,52497,9.95,10.00,9.95,10.00,0.03,13,522375
111/11/29,43111,9.97,9.98,9.97,9.97,0.03,8,429850
111/11/30,38010,10.00,10.00,9.96,10.00,0.03,10,379620
111/12/01,86101,10.00,10.00,10.00,10.00,0.00,13,861010
111/12/02,32296,9.97,10.00,9.97,10.00,0.00,9,322478
111/12/05,55994,10.00,10.00,9.98,10.00,0.00,18,559790
111/12/06,181000,10.00,10.00,9.95,9.98,0.02,19,1802950
111/12/07,6010,10.00,10.00,10.00,10.00,0.02,4,60098
111/12/08,210000,9.95,9.99,9.90,9.99,0.01,24,2084480
111/12/09,643100,9.95,9.96,9.90,9.90,0.09,122,6373030
111/12/12,252000,9.90,9.94,9.90,9.90,0.00,39,2495070
111/12/13,27000,9.90,9.95,9.90,9.91,0.01,11,267620
111/12/14,50000,9.95,9.96,9.95,9.95,0.04,21,497590
111/12/15,32298,9.94,9.95,9.94,9.95,0.00,304,321032
111/12/16,35000,9.90,9.93,9.90,9.93,0.02,13,346980
111/12/19,40000,9.95,9.95,9.91,9.95,0.02,12,397400
111/12/20,69898,9.94,9.94,9.92,9.92,0.03,217,693858
111/12/21,28040,9.92,9.94,9.92,9.93,0.01,11,278376
111/12/22,34000,9.95,9.95,9.94,9.94,0.01,9,338070
111/12/23,2000,9.99,9.99,9.95,9.95,0.01,2,19940
111/12/26,21020,9.95,9.99,9.95,9.99,0.04,4,209188
111/12/27,5795,9.99,9.99,9.97,9.97,0.02,8,57754
111/12/28,3000,9.99,9.99,9.97,9.97,0.00,3,29930
111/12/29,13000,9.97,9.97,9.96,9.96,0.01,6,129490
111/12/30,54040,9.95,9.96,9.95,9.96,0.00,13,537850
112/01/03,21000,9.98,9.99,9.97,9.97,0.01,6,209650
112/01/04,20390,9.96,9.97,9.96,9.97,0.00,5,203200
112/01/05,16000,9.98,9.98,9.97,9.98,0.01,8,159670
112/01/06,34260,9.98,9.98,9.96,9.98,0.00,269,341560
112/01/09,17279,9.99,9.99,9.98,9.98,0.00,91,172436
112/01/10,80654,9.98,10.00,9.98,10.00,0.02,221,805964
112/01/11,223000,10.10,10.10,10.00,10.05,0.05,52,2248500
112/01/12,45407,10.10,10.10,10.05,10.05,0.00,19,457520
112/01/13,42542,10.05,10.10,10.05,10.05,0.00,13,427624
112/01/16,40099,10.05,10.10,10.05,10.05,0.00,9,403094
112/01/17,104353,10.05,10.05,10.05,10.05,0.00,15,1048747
112/01/30,115000,10.05,10.10,10.05,10.05,0.00,23,1157150
112/01/31,0,--,--,--,--,0.00,0,0
112/02/01,185000,10.10,10.15,10.10,10.10,0.00,30,1871200
112/02/02,110199,10.10,10.15,10.10,10.10,0.00,21,1113914
112/02/03,267190,10.15,10.20,10.10,10.15,0.05,345,2711850
112/02/06,127594,10.15,10.20,10.15,10.15,0.00,94,1298725
112/02/07,101000,10.20,10.20,10.15,10.15,0.00,17,1028900
112/02/08,213530,10.15,10.20,10.15,10.15,0.00,42,2167906
112/02/09,19134,10.15,10.15,10.15,10.15,0.00,7,194210
112/02/10,51300,10.15,10.20,10.15,10.20,0.05,113,521550
112/02/13,137300,10.15,10.20,10.15,10.20,0.00,128,1397000
112/02/14,85001,10.20,10.20,10.20,10.20,0.00,18,867010
112/02/15,44227,10.20,10.20,10.20,10.20,0.00,85,451070
112/02/16,99000,10.20,10.20,10.20,10.20,0.00,16,1009800
112/02/17,144500,10.20,10.25,10.20,10.25,0.05,33,1479700
112/02/20,614250,10.25,10.25,10.20,10.20,0.05,162,6286650
112/02/21,78795,10.20,10.25,10.20,10.25,0.05,207,803650
112/02/22,7000,10.20,10.25,10.20,10.25,0.00,2,71450
112/02/23,24033,10.25,10.25,10.25,10.25,0.00,16,246330
112/02/24,57006,10.25,10.30,10.25,10.25,0.00,8,584612
112/03/01,80109,10.25,10.30,10.25,10.25,0.00,57,824390
112/03/02,545132,10.30,10.30,10.30,10.30,0.05,67,5614820
112/03/03,26080,10.30,10.35,10.30,10.30,0.00,45,268904
112/03/06,269006,10.30,10.30,10.30,10.30,0.00,18,2770763
112/03/07,29276,10.30,10.30,10.30,10.30,0.00,101,301466
112/03/08,256002,10.30,10.30,10.25,10.30,0.00,22,2627570
112/03/09,141461,10.30,10.40,10.30,10.30,0.00,36,1464725
112/03/10,93000,10.30,10.30,10.30,10.30,0.00,15,957900
112/03/13,37000,10.30,10.35,10.25,10.35,0.05,12,380550
112/03/14,53000,10.30,10.30,10.25,10.25,0.10,14,543550
112/03/15,27354,10.25,10.25,10.25,10.25,0.00,129,280290
112/03/16,57000,10.25,10.25,10.20,10.20,0.05,17,581900
112/03/17,32980,10.20,10.25,10.20,10.25,0.05,10,337198
112/03/20,106298,10.25,10.25,10.25,10.25,0.00,58,1089495
112/03/21,51099,10.25,10.25,10.20,10.20,0.05,17,523299
112/03/22,31000,10.25,10.30,10.25,10.30,0.10,6,317850
112/03/23,20,--,--,--,--,0.00,1,204
112/03/24,93701,10.25,10.25,10.20,10.25,0.00,157,960128
112/03/27,17000,10.25,10.25,10.25,10.25,0.00,5,174250
112/03/28,57030,10.25,10.25,10.25,10.25,0.00,5,584559
112/03/29,19000,10.25,10.25,10.25,10.25,0.00,4,194750
112/03/30,56217,10.25,10.30,10.25,10.30,0.05,16,578304
112/03/31,52216,10.30,10.30,10.30,10.30,0.00,119,537765
112/04/06,33415,10.30,10.35,10.30,10.35,0.05,15,344695
112/04/07,55000,10.35,10.35,10.35,10.35,0.00,11,569250
112/04/10,0,--,--,--,--,0.00,0,0
112/04/11,43000,10.35,10.35,10.35,10.35,0.00,16,445050
112/04/12,41000,10.35,10.40,10.35,10.40,0.05,14,425250
112/04/13,475376,10.40,10.45,10.40,10.45,0.05,412,4959460
112/04/14,404762,10.45,10.50,10.40,10.50,0.05,494,4235170
112/04/17,253198,10.45,10.55,10.45,10.50,0.00,81,2657909
112/04/18,966649,10.55,10.65,10.55,10.55,0.05,179,10241038
112/04/19,157000,10.55,10.55,10.45,10.45,0.10,28,1650750
112/04/20,135000,10.50,10.55,10.50,10.55,0.10,19,1423650
112/04/21,105000,10.55,10.55,10.50,10.50,0.05,22,1104350
112/04/24,51198,10.50,10.55,10.45,10.50,0.00,12,537299
112/04/25,30453,10.50,10.60,10.45,10.50,0.00,16,319959
112/04/26,36000,10.50,10.50,10.50,10.50,0.00,12,378000
112/04/27,58000,10.50,10.60,10.50,10.55,0.05,36,611850
112/04/28,44121,10.55,10.55,10.55,10.55,0.00,144,465304
112/05/02,78139,10.55,10.55,10.55,10.55,0.00,125,824155
112/05/03,202320,10.55,10.60,10.55,10.60,0.05,367,2136150
112/05/04,130500,10.60,10.60,10.50,10.50,0.10,33,1371024
112/05/05,264497,10.50,10.50,10.40,10.40,0.10,257,2758946
112/05/08,102100,10.40,10.40,10.35,10.40,0.00,128,1061300
112/05/09,85200,10.40,10.40,10.35,10.35,0.05,121,882500
112/05/10,164000,10.35,10.35,10.30,10.30,0.05,15,1697250
112/05/11,273000,10.35,10.35,10.30,10.35,0.05,48,2815100
112/05/12,46139,10.35,10.35,10.30,10.30,0.05,38,477059
112/05/15,58000,10.35,10.35,10.35,10.35,0.05,6,600300
112/05/16,65480,10.35,10.40,10.35,10.40,0.05,158,680390
112/05/17,31600,10.40,10.45,10.40,10.45,0.05,312,328600
112/05/18,52400,10.45,10.45,10.45,10.45,0.00,232,547400
112/05/19,10055,10.40,10.40,10.40,10.40,0.05,31,104550
112/05/22,104423,10.45,10.45,10.40,10.45,0.05,123,1089628
112/05/23,36349,10.45,10.45,10.40,10.45,0.00,114,379648
112/05/24,10727,10.40,10.40,10.40,10.40,0.05,49,111587
112/05/25,68000,10.40,10.40,10.40,10.40,0.00,12,707200
112/05/26,606098,10.40,10.40,10.40,10.40,0.00,89,6303380
112/05/29,22001,10.40,10.45,10.40,10.40,0.00,5,229310
112/05/30,8297,10.40,10.40,10.40,10.40,0.00,103,86204
112/05/31,82000,10.40,10.40,10.40,10.40,0.00,11,852800
112/06/01,73000,10.40,10.40,10.40,10.40,0.00,14,759200
112/06/02,61000,10.40,10.40,10.40,10.40,0.00,8,634400
112/06/05,146000,10.40,10.40,10.35,10.40,0.00,19,1517900
112/06/06,20000,10.40,10.40,10.40,10.40,0.00,6,208000
112/06/07,30000,10.40,10.40,10.40,10.40,0.00,15,312000
112/06/08,390227,10.40,10.40,10.40,10.40,0.00,128,4058280
112/06/09,105320,10.40,10.40,10.40,10.40,0.00,173,1095200
112/06/12,233162,10.40,10.40,10.35,10.40,0.00,12,2424684
112/06/13,96490,10.40,10.40,10.40,10.40,0.00,176,1003301
112/06/14,180200,10.40,10.40,10.40,10.40,0.00,108,1874000
112/06/15,27000,10.40,10.40,10.40,10.40,0.00,10,280800
112/06/16,108000,10.40,10.40,10.35,10.40,0.00,19,1123100
112/06/19,35103,10.35,10.40,10.35,10.35,0.05,63,363530
112/06/20,9000,10.40,10.40,10.40,10.40,0.05,6,93600
112/06/21,28000,10.40,10.40,10.40,10.40,0.00,9,291200
112/06/26,14268,10.40,10.40,10.40,10.40,0.00,141,148280
112/06/27,86000,10.45,10.45,10.40,10.40,0.00,17,896900
112/06/28,12000,10.45,10.45,10.40,10.40,0.00,12,125350
112/06/29,5038,10.40,10.40,10.40,10.40,0.00,20,52380
112/06/30,2494,10.40,10.40,10.40,10.40,0.00,58,25894
112/07/03,124018,10.40,10.40,10.40,10.40,0.00,28,1289792
112/07/04,30700,10.35,10.40,10.35,10.40,0.00,309,318804
112/07/05,72000,10.50,10.50,10.40,10.40,0.00,25,750150
112/07/06,11397,10.40,10.40,10.40,10.40,0.00,204,118370
112/07/07,60497,10.40,10.45,10.40,10.45,0.05,212,630558
112/07/10,17198,10.45,10.50,10.40,10.40,0.05,8,179749
112/07/11,13977,10.40,10.40,10.40,10.40,0.00,9,145359
112/07/12,3056,10.40,10.45,10.40,10.45,0.05,4,31832
112/07/13,19000,10.45,10.45,10.45,10.45,0.00,8,198550
112/07/14,28012,10.45,10.45,10.45,10.45,0.00,11,292726
112/07/17,24087,10.45,10.45,10.45,10.45,0.00,15,251709
112/07/18,59000,10.40,10.45,10.40,10.40,0.05,11,615200
112/07/19,102002,10.45,10.45,10.40,10.40,0.00,33,1063769
112/07/20,165545,10.45,10.50,10.45,10.50,0.10,67,1735345
112/07/21,249000,10.45,10.50,10.45,10.50,0.00,54,2605150
112/07/24,290042,10.45,10.55,10.45,10.50,0.00,59,3045940
112/07/25,107050,10.50,10.55,10.50,10.50,0.00,30,1124275
112/07/26,181369,10.50,10.55,10.50,10.55,0.05,46,1908374
112/07/27,168866,10.20,10.20,10.10,10.15,0.00,46,1714770
112/07/28,42259,10.15,10.20,10.15,10.20,0.05,11,430278
112/07/31,39233,10.20,10.20,10.15,10.15,0.05,28,399867
112/08/01,67504,10.15,10.15,10.15,10.15,0.00,24,685163
112/08/02,29360,10.15,10.15,10.15,10.15,0.00,8,298003
112/08/04,45000,10.10,10.15,10.10,10.15,0.00,14,455750
112/08/07,169000,10.10,10.10,10.10,10.10,0.05,51,1706900
112/08/08,186000,10.10,10.10,10.05,10.05,0.05,81,1875350
112/08/09,24000,10.10,10.10,10.10,10.10,0.05,6,242400
112/08/10,23000,10.05,10.10,10.05,10.10,0.00,4,231550
112/08/11,1000,10.10,10.10,10.10,10.10,0.00,1,10100
112/08/14,562060,10.05,10.05,10.00,10.05,0.05,62,5624802
112/08/15,63000,10.05,10.05,10.05,10.05,0.00,13,633150
112/08/16,14000,10.00,10.05,10.00,10.00,0.05,5,140500
112/08/17,365993,10.00,10.00,9.98,10.00,0.00,41,3659719
112/08/18,16801,10.00,10.00,10.00,10.00,0.00,8,168020
112/08/21,34000,10.00,10.05,10.00,10.00,0.00,7,340050
112/08/22,17000,10.00,10.05,10.00,10.05,0.05,16,170050
112/08/23,43009,10.05,10.05,10.05,10.05,0.00,7,432240
112/08/24,32194,10.05,10.05,10.05,10.05,0.00,19,323540
112/08/25,71536,10.05,10.05,10.00,10.05,0.00,25,716135
112/08/28,31202,10.05,10.05,10.00,10.00,0.05,5,313529
112/08/29,20000,10.00,10.05,10.00,10.05,0.05,5,200500
112/08/30,2099,10.05,10.05,10.05,10.05,0.00,3,21090
112/08/31,11000,10.05,10.05,10.00,10.05,0.00,3,110400
112/09/01,47055,10.05,10.10,10.05,10.10,0.05,13,474752
112/09/04,111055,10.10,10.15,10.10,10.15,0.05,30,1125402
112/09/05,58055,10.15,10.15,10.10,10.15,0.00,19,586505
112/09/06,104055,10.15,10.15,10.10,10.10,0.05,14,1056105
112/09/07,20270,10.10,10.15,10.10,10.10,0.00,14,205188
112/09/08,11067,10.05,10.10,10.05,10.10,0.00,12,111273
112/09/11,13032,10.10,10.10,10.10,10.10,0.00,6,131621
112/09/12,13101,10.10,10.10,10.05,10.05,0.05,12,131820
112/09/13,3000,10.10,10.10,10.10,10.10,0.05,1,30300
112/09/14,8000,10.10,10.10,10.05,10.10,0.00,8,80500
112/09/15,6020,10.05,10.10,10.05,10.10,0.00,7,60550
112/09/18,25280,10.05,10.05,10.05,10.05,0.05,14,254078
112/09/19,29000,10.05,10.05,10.05,10.05,0.00,20,291450
112/09/20,35000,10.05,10.10,10.05,10.10,0.05,21,352250
112/09/21,0,--,--,--,--,0.00,0,0
112/09/22,40000,10.05,10.05,10.05,10.05,0.00,28,402000
112/09/25,0,--,--,--,--,0.00,0,0
112/09/26,5000,10.10,10.10,10.10,10.10,0.00,1,50500
112/09/27,8989,10.10,10.10,10.05,10.05,0.05,7,90638
112/09/28,6307,10.05,10.10,10.05,10.05,0.00,9,63433
112/10/02,92119,10.10,10.10,10.05,10.10,0.05,44,927902
112/10/03,247000,10.10,10.15,10.10,10.15,0.05,62,2506150
112/10/04,35000,10.10,10.10,10.05,10.05,0.10,13,352750
112/10/05,33000,10.05,10.10,10.05,10.10,0.05,21,332150
112/10/06,3032,10.10,10.10,10.10,10.10,0.00,4,30620
112/10/11,1000,10.10,10.10,10.10,10.10,0.00,1,10100
112/10/12,272261,10.15,10.20,10.15,10.20,0.10,98,2775336
112/10/13,10372794,10.20,10.25,10.20,10.25,0.05,25,95269228
112/10/16,28090,10.20,10.20,10.20,10.20,0.05,9,286518
112/10/17,66000,10.20,10.20,10.20,10.20,0.00,5,673200
112/10/18,14000,10.20,10.20,10.20,10.20,0.00,6,142800
112/10/19,18000,10.25,10.25,10.15,10.20,0.00,6,183650
112/10/20,13000,10.20,10.20,10.15,10.15,0.05,5,132250
112/10/23,9000,10.10,10.15,10.10,10.15,0.00,5,91300
112/10/24,5000,10.15,10.15,10.15,10.15,0.00,2,50750
112/10/25,8000,10.15,10.15,10.15,10.15,0.00,3,81200
112/10/26,82000,10.15,10.15,10.10,10.15,0.00,15,832050
112/10/27,45000,10.15,10.15,10.15,10.15,0.00,8,456750
112/10/30,2000,10.15,10.15,10.15,10.15,0.00,2,20300
112/10/31,27061,10.15,10.15,10.15,10.15,0.00,14,274669
112/11/01,3000,10.15,10.15,10.15,10.15,0.00,1,30450
112/11/02,6000,10.15,10.20,10.15,10.20,0.05,4,60950
112/11/03,1000,10.20,10.20,10.20,10.20,0.00,1,10200
112/11/06,0,--,--,--,--,0.00,0,0
112/11/07,58000,10.20,10.20,10.20,10.20,0.00,7,591600
112/11/08,108000,10.20,10.20,10.20,10.20,0.00,8,1101600
112/11/09,6000,10.20,10.20,10.20,10.20,0.00,3,61200
112/11/10,11000,10.20,10.20,10.20,10.20,0.00,6,112200
112/11/13,25000,10.20,10.20,10.20,10.20,0.00,6,255000
112/11/14,118000,10.20,10.20,10.20,10.20,0.00,25,1203600
112/11/15,24100,10.20,10.20,10.20,10.20,0.00,14,245820
112/11/16,8506,10.20,10.25,10.20,10.25,0.05,7,86782
112/11/17,100000,10.25,10.25,10.20,10.20,0.05,23,1022650
112/11/20,262,--,--,--,--,0.00,1,2672
112/11/21,62099,10.25,10.25,10.25,10.25,0.00,19,636504
112/11/22,51000,10.25,10.25,10.20,10.25,0.00,7,522650
112/11/23,74123,10.30,10.30,10.25,10.30,0.05,33,763110
112/11/24,3000,10.25,10.25,10.25,10.25,0.05,3,30750
112/11/27,96000,10.25,10.30,10.20,10.20,0.05,15,983750
112/11/28,92051,10.25,10.30,10.25,10.30,0.10,39,947615
112/11/29,30000,10.25,10.25,10.25,10.25,0.05,6,307500
112/11/30,40000,10.25,10.30,10.25,10.30,0.05,8,410100
112/12/01,44000,10.30,10.35,10.30,10.35,0.05,14,453300
112/12/04,7200,10.20,10.35,10.20,10.35,0.00,4,73750
112/12/05,15000,10.30,10.35,10.30,10.35,0.00,2,155000
112/12/06,21000,10.35,10.35,10.30,10.35,0.00,12,216700
112/12/07,2020,10.35,10.35,10.30,10.30,0.05,3,20854
112/12/08,45099,10.30,10.30,10.25,10.30,0.00,14,463514
112/12/11,127480,10.30,10.35,10.30,10.35,0.05,46,1318744
112/12/12,5000,10.30,10.30,10.30,10.30,0.05,1,51500
112/12/13,91120,10.35,10.40,10.35,10.40,0.10,25,944429
112/12/14,31000,10.35,10.40,10.35,10.35,0.05,9,321000
112/12/15,117992,10.35,10.40,10.35,10.40,0.05,38,1224209
112/12/18,59000,10.40,10.40,10.35,10.35,0.05,24,613300
112/12/19,8000,10.35,10.35,10.35,10.35,0.00,8,82800
112/12/20,6000,10.35,10.40,10.35,10.35,0.00,5,62200
112/12/21,18397,10.35,10.40,10.35,10.35,0.00,9,190439
112/12/22,42008,10.40,10.40,10.40,10.40,0.05,11,436882
112/12/25,91000,10.40,10.40,10.35,10.35,0.05,14,945600
112/12/26,45000,10.40,10.40,10.40,10.40,0.05,11,468000
112/12/27,10000,10.40,10.45,10.40,10.45,0.05,5,104100
112/12/28,7994,10.40,10.40,10.40,10.40,0.05,5,83038
112/12/29,20000,10.40,10.45,10.40,10.45,0.05,12,208100
113/01/02,43000,10.40,10.45,10.40,10.45,0.00,29,449000
113/01/03,36094,10.45,10.45,10.40,10.40,0.05,9,376013
113/01/04,89000,10.40,10.45,10.40,10.45,0.05,10,930000
113/01/05,147959,10.45,10.50,10.45,10.50,0.05,74,1553419
113/01/08,28032,10.45,10.45,10.40,10.45,0.05,12,292631
113/01/09,65000,10.45,10.45,10.45,10.45,0.00,3,679250
113/01/10,93000,10.45,10.45,10.40,10.45,0.00,7,971750
113/01/11,10419,10.40,10.40,10.40,10.40,0.05,10,108325
113/01/12,11000,10.40,10.40,10.35,10.35,0.05,6,114000
113/01/15,11327,10.35,10.40,10.35,10.40,0.05,11,117651
113/01/16,2000,10.40,10.40,10.40,10.40,0.00,2,20800
113/01/17,60000,10.35,10.35,10.30,10.35,0.05,32,618200
113/01/18,109198,10.35,10.35,10.35,10.35,0.00,43,1130188
113/01/19,22411,10.35,10.35,10.30,10.35,0.00,22,231144
113/01/22,92000,10.35,10.35,10.35,10.35,0.00,6,952200
113/01/23,49000,10.35,10.35,10.35,10.35,0.00,7,507150
113/01/24,5000,10.35,10.35,10.30,10.30,0.05,5,51600
113/01/25,1298,10.30,10.30,10.30,10.30,0.00,3,13369
113/01/26,2298,10.40,10.40,10.40,10.40,0.10,2,23884
113/01/29,2000,10.30,10.30,10.30,10.30,0.10,1,20600
113/01/30,33032,10.30,10.35,10.30,10.35,0.05,29,340279
113/01/31,55000,10.35,10.35,10.35,10.35,0.00,7,569250
113/02/01,12001,10.35,10.35,10.30,10.30,0.05,10,123910
113/02/02,9000,10.30,10.35,10.30,10.35,0.05,8,92900
113/02/05,12500,10.30,10.30,10.30,10.30,0.05,14,128774
113/02/15,23575,10.35,10.35,10.35,10.35,0.05,17,243895
113/02/16,6000,10.30,10.30,10.30,10.30,0.05,3,61800
113/02/19,87685,10.35,10.35,10.35,10.35,0.05,23,907437
113/02/20,308299,10.35,10.50,10.35,10.40,0.05,35,3232147
113/02/21,14000,10.35,10.35,10.35,10.35,0.05,8,144900
113/02/22,41497,10.35,10.35,10.30,10.35,0.00,19,429343
113/02/23,331000,10.35,10.35,10.30,10.30,0.05,70,3409650
113/02/26,16788,10.35,10.35,10.35,10.35,0.05,13,173752
113/02/27,0,--,--,--,--,0.00,0,0
113/02/29,7000,10.35,10.35,10.35,10.35,0.00,7,72450
113/03/01,24099,10.35,10.35,10.35,10.35,0.00,12,249419
113/03/04,480000,10.30,10.35,10.25,10.30,0.05,115,4936500
113/03/05,13051,10.35,10.45,10.35,10.40,0.10,9,135575
113/03/06,88193,10.40,10.40,10.35,10.35,0.05,17,916787
113/03/07,14481,10.40,10.40,10.35,10.35,0.00,12,150002
113/03/08,6109,10.35,10.35,10.35,10.35,0.00,4,63228
113/03/11,47000,10.40,10.45,10.40,10.40,0.05,15,488850
113/03/12,4092,10.40,10.40,10.40,10.40,0.00,5,42501
113/03/13,66124,10.40,10.45,10.35,10.45,0.05,25,688285
113/03/14,1190101,10.45,10.55,10.45,10.50,0.05,376,12542160
113/03/15,1357000,10.55,10.55,10.30,10.35,0.15,287,14003150
113/03/18,54315,10.35,10.35,10.35,10.35,0.00,23,562156
113/03/19,36408,10.35,10.40,10.35,10.35,0.00,16,376920
113/03/20,20257,10.35,10.40,10.35,10.40,0.05,18,210501
113/03/21,14002,10.40,10.45,10.40,10.45,0.05,8,145970
113/03/22,32136,10.45,10.45,10.45,10.45,0.00,12,335814
113/03/25,37000,10.45,10.45,10.40,10.45,0.00,12,386400
113/03/26,16128,10.45,10.45,10.40,10.40,0.05,4,167981
113/03/27,342099,10.45,10.45,10.35,10.35,0.05,52,3555679
113/03/28,110000,10.40,10.40,10.40,10.40,0.05,5,1144000
113/03/29,198929,10.40,10.40,10.40,10.40,0.00,12,2068836
113/04/01,202000,10.35,10.40,10.35,10.40,0.00,57,2090750
113/04/02,413149,10.40,10.40,10.35,10.35,0.05,94,4276141
113/04/03,15493,10.35,10.35,10.35,10.35,0.00,10,160365
